<data><item id="language_code"><t>ukr</t></item>
<item id="language_name"><t>УКРАЇНСЬКА</t></item>
<item id="language_author"><t>Skovoroda</t></item>
<item id="wrap_hyphen"><t>-</t></item>
<item id="created_by"><t>автор - Lucas Pope</t></item>
<item id="papers_please"><t>Ваші документи.</t></item>
<item id="protocol_violated"><t>Порушено протокол.</t></item>
<item id="unauth_confiscation"><t>Неправомірна конфіскація паспорта</t></item>
<item id="missing_reason"><t>Не вказана причина відмови</t></item>
<item id="citation_warning"><t>ВИНЕСЕНО ПОПЕРЕДЖЕННЯ - БЕЗ ШТРАФУ</t></item>
<item id="citation_lastwarning"><t>ОСТАННЄ ПОПЕРЕДЖЕННЯ - БЕЗ ШТРАФУ</t></item>
<item id="citation_penalty"><t>ВИПИСАНО ШТРАФ - $0 КРЕДИТІВ</t></item>
<item id="border_next"><t>НАСТУПНИЙ!</t></item>
<item id="border_bomber"><t>ЗА КОЛЕЧІЮ!</t></item>
<item id="border_comeback"><t>ПОВЕРТАЙТЕСЬ ЗАВТРА О 6-Й РАНКУ</t></item>
<item id="border_announce0"><t>ПРОХІД НЕ ГАРАНТОВАНИЙ</t></item>
<item id="border_announce1"><t>ПІДГОТУЙТЕ ДОКУМЕНТИ</t></item>
<item id="border_announce2"><t>ВАС ВІТАЄ АРСТОТЦКА</t></item>
<item id="border_guardout"><t>ГЕТЬ!</t></item>
<item id="border_elisa"><t>ELISA!</t></item>
<item id="family_son_budget"><t>СИН</t></item>
<item id="family_wife_budget"><t>ЖІНКА</t></item>
<item id="family_niece_budget"><t>НЕБОГА</t></item>
<item id="family_uncle_budget"><t>ДЯДЬКО</t></item>
<item id="family_mil_budget"><t>ТЕЩА</t></item>
<item id="family_son_status"><t>Син</t></item>
<item id="family_wife_status"><t>Жінка</t></item>
<item id="family_niece_status"><t>Небога</t></item>
<item id="family_uncle_status"><t>Дядько</t></item>
<item id="family_mil_status"><t>Теща</t></item>
<item id="family_son_message"><t>син</t></item>
<item id="family_wife_message"><t>жінка</t></item>
<item id="family_niece_message"><t>небога</t></item>
<item id="family_uncle_message"><t>дядько</t></item>
<item id="family_mil_message"><t>теща</t></item>
<item id="night_endof"><t>КІНЕЦЬ</t></item>
<item id="night_day"><t>$0 ДНЯ</t></item>
<item id="family_verysick_1"><t>[m]Ваш[/m][f]Ваша[/f] $0 помре без ліків.</t></item>
<item id="family_verysick_many"><t>Дуже хворі члени родини помруть без ліків.</t></item>
<item id="family_sick_1"><t>[m]Ваш[/m][f]Ваша[/f] $0 [m]хворий[/m][f]хвора[/f] та потребує ліків.</t></item>
<item id="family_sick_many"><t>Ваша родина потребує ліків.</t></item>
<item id="family_died_1"><t>Смерть родича: $0.</t></item>
<item id="family_died_2"><t>Ваші $0 та $1 померли.</t></item>
<item id="family_died_3"><t>Ваші $0, $1, та $2 померли.</t></item>
<item id="family_died_4"><t>Ваші $0, $1, $2, та $3 померли.</t></item>
<item id="family_died_5"><t>Ваші $0, $1, $2, $3, та $4 померли.</t></item>
<item id="family_escape_with_0"><t>Ви залишили все в Арстотці.</t></item>
<item id="family_escape_with_1"><t>Ви та $0 втекли в Обристан.</t></item>
<item id="family_escape_with_2"><t>Ви, $0 та $1 тікаєте в Обристан.</t></item>
<item id="family_escape_with_3"><t>Ви, $0, $1, та $2 тікаєте в Обристан.</t></item>
<item id="family_escape_with_4"><t>Ви, $0, $1, $2, та $3 тікаєте в Обристан.</t></item>
<item id="family_escape_with_5"><t>Ви, $0, $1, $2, $3, та $4 тікаєте в Обристан.</t></item>
<item id="family_escape_without_1"><t>[m]Ваш[/m] [f]Ваша[/f] $0 збирається повернутися в Нірськ.</t></item>
<item id="family_escape_without_2"><t>Ваші $0 та $1 збираються повернутися в Нірськ.</t></item>
<item id="family_escape_without_3"><t>Ваші $0, $1, та $2 збираються повернутися в Нірськ.</t></item>
<item id="family_escape_without_4"><t>Ваші $0, $1, $2, та $3 збираються повернутися в Нірськ.</t></item>
<item id="family_escape_without_5"><t>Ваші $0, $1, $2, $3, та $4 збираються повернутися в Нірськ.</t></item>
<item id="family_flee_final_0"><t>Обристан понад усе</t></item>
<item id="family_flee_final_1"><t>Доля [m]вашого[/m][f]вашої[/f] [m]родича[/m][f]родички[/f] ($0) невідома.</t></item>
<item id="family_flee_final_2"><t>Доля ваших родичів ($0 та $1) невідома.</t></item>
<item id="family_flee_final_3"><t>Доля ваших родичів ($0, $1, та $2) невідома.</t></item>
<item id="family_flee_final_4"><t>Доля ваших родичів ($0, $1, $2, та $3) невідома.</t></item>
<item id="family_flee_final_5"><t>Доля ваших родичів ($0, $1, $2, $3, та $4) невідома.</t></item>
<item id="budget_savings"><t>ЗАОЩАДЖЕННЯ</t></item>
<item id="budget_salary"><t>ЗАРПЛАТНЯ ($0)</t></item>
<item id="budget_penalties"><t>ШТРАФИ ($0)</t></item>
<item id="budget_bribes"><t>ХАБАРІ</t></item>
<item id="budget_rent"><t>КОМІРНЕ</t></item>
<item id="budget_food"><t>ХАРЧУВАННЯ</t></item>
<item id="budget_heat"><t>ОПАЛЕННЯ</t></item>
<item id="budget_medicine"><t>ЛІКИ ($0)</t></item>
<item id="budget_sleep"><t>СПАТИ</t></item>
<item id="budget_escape"><t>ВТЕКТИ</t></item>
<item id="menu_back"><t>ПОВЕРНУТИСЬ</t></item>
<item id="confirm_ok"><t>ГАРАЗД</t></item>
<item id="confirm_cancel"><t>СКАСУВАТИ</t></item>
<item id="menu_mainmenu"><t>ГОЛОВНЕ МЕНЮ</t></item>
<item id="menu_resume"><t>ПРОДОВЖИТИ</t></item>
<item id="menu_quit"><t>ЗАЛИШИТИ ГРУ</t></item>
<item id="menu_done"><t>ПІДТВЕРДИТИ</t></item>
<item id="menu_story"><t>ІСТОРІЯ</t></item>
<item id="menu_endless"><t>НЕСКІНЧЕННА ГРА</t></item>
<item id="menu_play"><t>ГРАТИ</t></item>
<item id="menu_fullscreen"><t>На весь екран</t></item>
<item id="menu_nudity"><t>Оголеність</t></item>
<item id="menu_easy"><t>Легкий режим</t></item>
<item id="menu_vibration"><t>Вібрація</t></item>
<item id="menu_music"><t>Музика</t></item>
<item id="menu_sound"><t>Звук</t></item>
<item id="menu_dateformat"><t>Формат дати</t></item>
<item id="menu_language"><t>Мова</t></item>
<item id="menu_device"><t>Пристрій</t></item>
<item id="menu_easytip"><t>+ 20 кредитів на день</t></item>
<item id="menu_stats"><t>СТАТИСТИКА</t></item>
<item id="menu_next"><t>ДАЛІ</t></item>
<item id="menu_walktowork"><t>ЙТИ НА РОБОТУ</t></item>
<item id="menu_paused"><t>ПРИЗУПИНЕНО</t></item>
<item id="menu_settings"><t>НАЛАШТУВАННЯ</t></item>
<item id="menu_credits"><t>АВТОРИ</t></item>
<item id="menu_checkforupdates"><t>ПЕРЕВІРИТИ ОНОВЛЕННЯ</t></item>
<item id="stats_text"><t>Зіграно $time
$processed прийнято подорожуючих
$approved пропущено
$denied відмовлено
$detained затримано
$citations доган отримано
$stamps проставлено печаток
Завершення $endnum з $endtotal</t></item>
<item id="steam_noinit"><t>ВТРАЧЕНО ЗВ'ЯЗОК ЗІ STEAM

Якщо ця проблема не зникає, перевстановіть клієнт Steam.</t></item>
<item id="steam_restartfailed"><t>НЕ ВДАЛОСЬ ПЕРЕЗАПУСТИТИ STEAM

Якщо ця проблема не зникає, перевстановіть клієнт Steam.</t></item>
<item id="steam_noconnect"><t>ВТРАЧЕНО ЗВ'ЯЗОК ЗІ STEAM

Гра спробує перезапуститись через Steam клієнт.</t></item>
<item id="steam_restart"><t>ПЕРЕЗАПУСТИТИ</t></item>
<item id="load_title"><t>Оберіть день з якого продовжити, або почніть нову гру</t></item>
<item id="load_confirm_delete_single"><t>Видалити збережений день $0?

Ця дія безповоротна.</t></item>
<item id="load_confirm_delete_multi"><t>Видалити цю гілку збережень з $0 дня до $1?

Ця дія безповоротна.</t></item>
<item id="load_delete"><t>ВИДАЛИТИ</t></item>
<item id="load_confirm_full"><t>Доріжки збережень заповнені.

Продовжте з найправішого збереження або видаліть гілку збережень для звільнення доріжки.</t></item>
<item id="load_summary"><t>$day день
"$news"

$savings кредитів, $family членів родини,
$tokens значків, квартира $apt</t></item>
<item id="load_continue"><t>ПРОДОВЖИТИ</t></item>
<item id="emotion_happy"><t>ЩАСТЯ</t></item>
<item id="emotion_ok"><t>OK</t></item>
<item id="emotion_sad"><t>СУМ</t></item>
<item id="emotion_cold"><t>ХОЛОД</t></item>
<item id="emotion_sick"><t>НЕДУГ</t></item>
<item id="emotion_verysick"><t>ТЯЖКИЙ НЕДУГ</t></item>
<item id="emotion_dead"><t>СМЕРТЬ</t></item>
<item id="emotion_hungry"><t>ГОЛОД</t></item>
<item id="load_latest"><t>ОСТАННЄ</t></item>
<item id="entry_approved"><t>ПРОХІД ДОЗВОЛЕНО</t></item>
<item id="entry_denied"><t>ПРОХІД ЗАБОРОНЕНО</t></item>
<item id="stamp_approved"><t>ДОЗВОЛЕНО</t></item>
<item id="stamp_denied"><t>ВІДМОВЛЕНО</t></item>
<item id="stamp_reason"><t>ПРИЧИНА</t></item>
<item id="booth_dragdocs"><t>ПЕРЕТЯГНІТЬ СЮДИ ДОКУМЕНТИ</t></item>
<item id="booth_highlight"><t>ВИДІЛІТЬ НЕУЗГОДЖЕНІСТЬ</t></item>
<item id="booth_discrepancy"><t>ВИЯВЛЕНО
СУПЕРЕЧНІСТЬ</t></item>
<item id="booth_interrogate"><t>ДОПИТАТИ</t></item>
<item id="booth_matching"><t>ДАНІ
ЗБІГАЮТЬСЯ</t></item>
<item id="booth_nocorrelation"><t>ПОЛЯ НЕ
ПОВ'ЯЗАНІ</t></item>
<item id="booth_cleared"><t>СУПЕРЕЧНІСТЬ
ПОЯСНЕНО</t></item>
<item id="env_clearforentry"><t>Підстав для відмови не було</t></item>
<item id="env_lettermale"><t>Ч</t></item>
<item id="env_letterfemale"><t>Ж</t></item>
<item id="env_noalias"><t>Немає відомих псевдо</t></item>
<item id="env_typochars"><t>аеоє,іїи,рбвф,лмн,сєз,шщ</t></item>
<item id="carousel_give"><t>ВІДДАТИ</t></item>
<item id="carousel_hang"><t>ПОВІСИТИ НА СТІНУ</t></item>
<item id="carousel_confiscate"><t>КОНФІСКУВАТИ</t></item>
<item id="endless_complete"><t>$style
$course

$time
$score очок</t></item>
<item id="endless_ranked"><t>Місце в рейтингу #$0</t></item>
<item id="endless_unlock"><t>Завершіть режим історії, щоб розблокувати нескінченний режим.</t></item>
<item id="endless_wrongcode"><t>N A J A L</t></item>
<item id="date_verbose"><t>$day $month $year</t></item>
<item id="month_1"><t>січня</t></item>
<item id="month_2"><t>лютого</t></item>
<item id="month_3"><t>березня</t></item>
<item id="month_4"><t>квітня</t></item>
<item id="month_5"><t>травня</t></item>
<item id="month_6"><t>червня</t></item>
<item id="month_7"><t>липня</t></item>
<item id="month_8"><t>серпня</t></item>
<item id="month_9"><t>вересня</t></item>
<item id="month_10"><t>жовтня</t></item>
<item id="month_11"><t>листопада</t></item>
<item id="month_12"><t>грудня</t></item>
<item id="day_1"><t>1</t></item>
<item id="day_2"><t>2</t></item>
<item id="day_3"><t>3</t></item>
<item id="day_4"><t>4</t></item>
<item id="day_5"><t>5</t></item>
<item id="day_6"><t>6</t></item>
<item id="day_7"><t>7</t></item>
<item id="day_8"><t>8</t></item>
<item id="day_9"><t>9</t></item>
<item id="day_10"><t>10</t></item>
<item id="day_11"><t>11</t></item>
<item id="day_12"><t>12</t></item>
<item id="day_13"><t>13</t></item>
<item id="day_14"><t>14</t></item>
<item id="day_15"><t>15</t></item>
<item id="day_16"><t>16</t></item>
<item id="day_17"><t>17</t></item>
<item id="day_18"><t>18</t></item>
<item id="day_19"><t>19</t></item>
<item id="day_20"><t>20</t></item>
<item id="day_21"><t>21</t></item>
<item id="day_22"><t>22</t></item>
<item id="day_23"><t>23</t></item>
<item id="day_24"><t>24</t></item>
<item id="day_25"><t>25</t></item>
<item id="day_26"><t>26</t></item>
<item id="day_27"><t>27</t></item>
<item id="day_28"><t>28</t></item>
<item id="day_29"><t>29</t></item>
<item id="day_30"><t>30</t></item>
<item id="day_31"><t>31</t></item>
<item id="bulletin_default"><t>Арстотцка
Міністерство допуску
Офіційний інформлист

Інспекторе,

$content

Слава Арстотці.</t></item>
<item id="bulletin_notice"><t>Арстотцка
Міністерство допуску
Офіційний інформлист

ПРИМІТКА:

$content

Слава Арстотці.</t></item>
<item id="bulletin_endless"><t>Арстотцка
Міністерство допуску
Офіційний інформлист

$style

$course

Слава Арстотці.</t></item>
</data>