<data><item id="language_code"><t>pl</t></item>
<item id="language_name"><t>POLSKI</t></item>
<item id="language_author"><t>GameSub</t></item>
<item id="wrap_hyphen"><t>-</t></item>
<item id="created_by"><t>autor: Lucas Pope</t></item>
<item id="papers_please"><t>Dokumenty proszę.</t></item>
<item id="protocol_violated"><t>Naruszenie protokołu.</t></item>
<item id="unauth_confiscation"><t>Nieuprawniona konfiskata paszportu</t></item>
<item id="missing_reason"><t>Brak uzasadnienia odmowy</t></item>
<item id="citation_warning"><t>OSTRZEŻENIE - BEZ KARY</t></item>
<item id="citation_lastwarning"><t>OSTATNIE OSTRZEŻENIE</t></item>
<item id="citation_penalty"><t>NAŁOŻONO KARĘ - $0 KREDYTÓW</t></item>
<item id="border_next"><t>NASTĘPNY!</t></item>
<item id="border_bomber"><t>ZA KOLECHIĘ!</t></item>
<item id="border_comeback"><t>WRÓĆCIE JUTRO O 6 RANO</t></item>
<item id="border_announce0"><t>NIE WSZYSTKICH WPUŚCIMY</t></item>
<item id="border_announce1"><t>PRZYGOTUJCIE DOKUMENTY</t></item>
<item id="border_announce2"><t>WITAMY W ARSTOCZCE</t></item>
<item id="border_guardout"><t>WON!</t></item>
<item id="border_elisa"><t>ELISA!</t></item>
<item id="family_son_budget"><t>SYN</t></item>
<item id="family_wife_budget"><t>ŻONA</t></item>
<item id="family_niece_budget"><t>SIOSTRZENICA</t></item>
<item id="family_uncle_budget"><t>WUJEK</t></item>
<item id="family_mil_budget"><t>TEŚĆ</t></item>
<item id="family_son_status"><t>Syn</t></item>
<item id="family_wife_status"><t>Żona</t></item>
<item id="family_niece_status"><t>Siostrzenica</t></item>
<item id="family_uncle_status"><t>Wujek</t></item>
<item id="family_mil_status"><t>Teściowa</t></item>
<item id="family_son_message"><t>wasz syn</t></item>
<item id="family_wife_message"><t>wasza żona</t></item>
<item id="family_niece_message"><t>wasza siostrzenica</t></item>
<item id="family_uncle_message"><t>wasz wujek</t></item>
<item id="family_mil_message"><t>wasza teściowa</t></item>
<item id="night_endof"><t>PODSUMOWANIE</t></item>
<item id="night_day"><t>DNIA $0</t></item>
<item id="family_verysick_1"><t>Bez odpowiednich leków $0 umrze.</t></item>
<item id="family_verysick_many"><t>Poważnie chorzy krewni umrą bez lekarstw.</t></item>
<item id="family_sick_1"><t>Wygląda na to, że $0 choruje i potrzebuje leków.</t></item>
<item id="family_sick_many"><t>Twoja rodzina potrzebuje leków.</t></item>
<item id="family_died_1"><t>Inspektorze, $0 nie żyje.</t></item>
<item id="family_died_2"><t>Inspektorze, $0 i $1 nie żyją.</t></item>
<item id="family_died_3"><t>Inspektorze, $0, $1 i $2 nie żyją.</t></item>
<item id="family_died_4"><t>Inspektorze, $0, $1, $2 i $3 nie żyją.</t></item>
<item id="family_died_5"><t>Inspektorze, $0, $1, $2, $3 i $4 nie żyją.</t></item>
<item id="family_escape_with_0"><t>Zostawiacie za sobą wszystko.</t></item>
<item id="family_escape_with_1"><t>Razem z wami do Orbistanu wyrusza $0.</t></item>
<item id="family_escape_with_2"><t>Razem z wami do Orbistanu wyruszają $0 i $1.</t></item>
<item id="family_escape_with_3"><t>Razem z wami do Orbistanu wyruszają $0, $1 i $2.</t></item>
<item id="family_escape_with_4"><t>Razem z wami do Orbistanu wyruszają $0, $1, $2 i $3.</t></item>
<item id="family_escape_with_5"><t>Razem z wami do Orbistanu wyruszają $0, $1, $2, $3 i $4.</t></item>
<item id="family_escape_without_1"><t>W mieszkaniu w Grestin $0 szykuje się do powrotu do Nirska.</t></item>
<item id="family_escape_without_2"><t>W mieszkaniu w Grestin $0 i $1 szykują się do powrotu do Nirska.</t></item>
<item id="family_escape_without_3"><t>W mieszkaniu w Grestin $0, $1 i $2 szykują się do powrotu do Nirska.</t></item>
<item id="family_escape_without_4"><t>W mieszkaniu w Grestin $0, $1, $2 i $3 szykują się do powrotu do Nirska.</t></item>
<item id="family_escape_without_5"><t>W mieszkaniu w Grestin $0, $1, $2, $3 i $4 szykują się do powrotu do Nirska.</t></item>
<item id="family_flee_final_0"><t>Obristan ponad wszystko!</t></item>
<item id="family_flee_final_1"><t>Nie wiadomo, gdzie przebywa $0.</t></item>
<item id="family_flee_final_2"><t>Nie wiadomo, gdzie przebywają $0 i $1.</t></item>
<item id="family_flee_final_3"><t>Nie wiadomo, gdzie przebywają $0, $1 i $2.</t></item>
<item id="family_flee_final_4"><t>Nie wiadomo, gdzie przebywają $0, $1, $2 i $3.</t></item>
<item id="family_flee_final_5"><t>Nie wiadomo, gdzie przebywają $0, $1, $2, $3 i $4.</t></item>
<item id="budget_savings"><t>OSZCZĘDNOŚCI</t></item>
<item id="budget_salary"><t>PENSJA ($0)</t></item>
<item id="budget_penalties"><t>KARY ($0)</t></item>
<item id="budget_bribes"><t>ŁAPÓWKI</t></item>
<item id="budget_rent"><t>CZYNSZ</t></item>
<item id="budget_food"><t>JEDZENIE</t></item>
<item id="budget_heat"><t>OGRZEWANIE</t></item>
<item id="budget_medicine"><t>LEKI ($0)</t></item>
<item id="budget_sleep"><t>IDŹ SPAĆ</t></item>
<item id="budget_escape"><t>UCIECZKA</t></item>
<item id="menu_back"><t>WSTECZ</t></item>
<item id="confirm_ok"><t>POTWIERDŹ</t></item>
<item id="confirm_cancel"><t>ANULUJ</t></item>
<item id="menu_mainmenu"><t>MENU GŁÓWNE</t></item>
<item id="menu_resume"><t>WZNÓW</t></item>
<item id="menu_quit"><t>WYJDŹ</t></item>
<item id="menu_done"><t>WRÓĆ</t></item>
<item id="menu_story"><t>TRYB FABULARNY</t></item>
<item id="menu_endless"><t>TRYB WYZWAŃ</t></item>
<item id="menu_play"><t>GRAJ</t></item>
<item id="menu_fullscreen"><t>Pełny ekran</t></item>
<item id="menu_nudity"><t>Nagość</t></item>
<item id="menu_easy"><t>Łatwa rozgrywka</t></item>
<item id="menu_vibration"><t>Wibracje</t></item>
<item id="menu_music"><t>Muzyka</t></item>
<item id="menu_sound"><t>Dźwięk</t></item>
<item id="menu_dateformat"><t>Format daty</t></item>
<item id="menu_language"><t>Język</t></item>
<item id="menu_device"><t>Urządzenie</t></item>
<item id="menu_easytip"><t>20 kredytów dziennie więcej</t></item>
<item id="menu_stats"><t>STATYSTYKI</t></item>
<item id="menu_next"><t>DALEJ</t></item>
<item id="menu_walktowork"><t>IDŹ DO PRACY</t></item>
<item id="menu_paused"><t>PAUZA</t></item>
<item id="menu_settings"><t>USTAWIENIA</t></item>
<item id="menu_credits"><t>TWÓRCY</t></item>
<item id="menu_checkforupdates"><t>SPR. AKTUALIZACJE</t></item>
<item id="stats_text"><t>Czas gry $time
$processed odprawionych podróżnych
$approved wpuszczonych
$denied odesłanych
$detained zatrzymanych
$citations otrzymanych pouczeń
$stamps wbitych stempli
Zakończenie $endnum z $endtotal</t></item>
<item id="steam_noinit"><t>NIE UDAŁO SIĘ POŁĄCZYĆ ZE STEAM

Jeśli problem będzie się powtarzał, przeinstaluj klienta Steam.</t></item>
<item id="steam_restartfailed"><t>RESTART STEAMA NIEUDANY

Jeśli problem będzie się powtarzał, przeinstaluj klienta Steam.</t></item>
<item id="steam_noconnect"><t>BŁĄD POŁĄCZENIA ZE STEAM

Gra spróbuje wystartować ponownie poprzez klienta Steam.</t></item>
<item id="steam_restart"><t>RESTART</t></item>
<item id="load_title"><t>Wybierz dzień, od którego chcesz kontynuować, lub rozpocznij nową grę.</t></item>
<item id="load_confirm_delete_single"><t>Usunąć zapis z postępów dnia $0?

Usuniętego zapisu nie można odzyskać.</t></item>
<item id="load_confirm_delete_multi"><t>Usunąć ścieżkę postępów od dnia $0 do $1?

Usuniętej ścieżki nie można odzyskać.</t></item>
<item id="load_delete"><t>USUŃ</t></item>
<item id="load_confirm_full"><t>Brak miejsca na nową ścieżkę postępów.

Kontynuuj od najnowszego zapisu lub usuń którąś ścieżkę, by zwolnić miejsce.</t></item>
<item id="load_summary"><t>Dzień $day
"$news"

finanse: $savings, liczebność rodziny: $family,
ilość żetonów: $tokens, lokal kategorii $apt</t></item>
<item id="load_continue"><t>KONTYNUUJ</t></item>
<item id="emotion_happy"><t>RADOŚĆ</t></item>
<item id="emotion_ok"><t>OK</t></item>
<item id="emotion_sad"><t>SMUTEK</t></item>
<item id="emotion_cold"><t>ZIMNO</t></item>
<item id="emotion_sick"><t>CHOROBA</t></item>
<item id="emotion_verysick"><t>STAN CIĘŻKI</t></item>
<item id="emotion_dead"><t>ŚMIERĆ</t></item>
<item id="emotion_hungry"><t>GŁÓD</t></item>
<item id="load_latest"><t>NAJNOWSZE</t></item>
<item id="entry_approved"><t>PRZYZNANO WSTĘP</t></item>
<item id="entry_denied"><t>ODMOWA WIZY</t></item>
<item id="stamp_approved"><t>ZATWIERDZONO</t></item>
<item id="stamp_denied"><t>ODMOWA</t></item>
<item id="stamp_reason"><t>POWÓD</t></item>
<item id="booth_dragdocs"><t>PRZECIĄGNIJ TU DOKUMENTY</t></item>
<item id="booth_highlight"><t>TRYB DOCHODZENIA</t></item>
<item id="booth_discrepancy"><t>WYKRYTO
NIEZGODNOŚĆ</t></item>
<item id="booth_interrogate"><t>PRZESŁUCHAJ</t></item>
<item id="booth_matching"><t>DANE
ZGODNE</t></item>
<item id="booth_nocorrelation"><t>BRAK
POWIĄZAŃ</t></item>
<item id="booth_cleared"><t>NIEZGODNOŚĆ
WYJAŚNIONO</t></item>
<item id="env_clearforentry"><t>Petent spełniał wymogi</t></item>
<item id="env_lettermale"><t>M</t></item>
<item id="env_letterfemale"><t>K</t></item>
<item id="env_noalias"><t>Brak znanych pseudonimów</t></item>
<item id="env_typochars"><t>aeiou,iuy,pgq,lj,ck,bh</t></item>
<item id="carousel_give"><t>DAJ</t></item>
<item id="carousel_hang"><t>ZAWIESIĆ NA ŚCIANIE</t></item>
<item id="carousel_confiscate"><t>SKONFISKUJCIE</t></item>
<item id="endless_complete"><t>$style
$course

$time
$score punktów</t></item>
<item id="endless_ranked"><t>$0. miejsce w rankingu</t></item>
<item id="endless_unlock"><t>Ukończ tryb fabularny, zachowując pracę, by odblokować tryb wyzwań</t></item>
<item id="endless_wrongcode"><t>K I C H A</t></item>
<item id="date_verbose"><t>$day $month $year</t></item>
<item id="month_1"><t>stycznia</t></item>
<item id="month_2"><t>lutego</t></item>
<item id="month_3"><t>marca</t></item>
<item id="month_4"><t>kwietnia</t></item>
<item id="month_5"><t>maja</t></item>
<item id="month_6"><t>czerwca</t></item>
<item id="month_7"><t>lipca</t></item>
<item id="month_8"><t>sierpienia</t></item>
<item id="month_9"><t>września</t></item>
<item id="month_10"><t>października</t></item>
<item id="month_11"><t>listopada</t></item>
<item id="month_12"><t>grudnia</t></item>
<item id="day_1"><t>1</t></item>
<item id="day_2"><t>2</t></item>
<item id="day_3"><t>3</t></item>
<item id="day_4"><t>4</t></item>
<item id="day_5"><t>5</t></item>
<item id="day_6"><t>6</t></item>
<item id="day_7"><t>7</t></item>
<item id="day_8"><t>8</t></item>
<item id="day_9"><t>9</t></item>
<item id="day_10"><t>10</t></item>
<item id="day_11"><t>11</t></item>
<item id="day_12"><t>12</t></item>
<item id="day_13"><t>13</t></item>
<item id="day_14"><t>14</t></item>
<item id="day_15"><t>15</t></item>
<item id="day_16"><t>16</t></item>
<item id="day_17"><t>17</t></item>
<item id="day_18"><t>18</t></item>
<item id="day_19"><t>19</t></item>
<item id="day_20"><t>20</t></item>
<item id="day_21"><t>21</t></item>
<item id="day_22"><t>22</t></item>
<item id="day_23"><t>23</t></item>
<item id="day_24"><t>24</t></item>
<item id="day_25"><t>25</t></item>
<item id="day_26"><t>26</t></item>
<item id="day_27"><t>27</t></item>
<item id="day_28"><t>28</t></item>
<item id="day_29"><t>29</t></item>
<item id="day_30"><t>30</t></item>
<item id="day_31"><t>31</t></item>
<item id="bulletin_default"><t>Arstoczka
Ministerstwo Przepływu Ludności
Oficjalny biuletyn

Inspektorze,

$content

Niech żyje Arstoczka!</t></item>
<item id="bulletin_notice"><t>Arstoczka
Ministerstwo Przepływu Ludności
Oficjalny biuletyn

ZAWIADOMIENIE:

$content

Niech żyje Arstoczka!</t></item>
<item id="bulletin_endless"><t>Arstoczka
Ministerstwo Przepływu Ludności
Oficjalny biuletyn

$style

$course

Niech żyje Arstoczka!</t></item>
</data>