<data><item id="language_code"><t>tr</t></item>
<item id="language_name"><t>TÜRKÇE</t></item>
<item id="language_author"><t>Bared Çil</t></item>
<item id="wrap_hyphen"><t>-</t></item>
<item id="created_by"><t>Geliştirici: Lucas Pope</t></item>
<item id="papers_please"><t>Evraklar, lütfen.</t></item>
<item id="protocol_violated"><t>Protokol Ihlali.</t></item>
<item id="unauth_confiscation"><t>Izinsiz Pasaport Müsaderesi</t></item>
<item id="missing_reason"><t>Ret Sebebi Verilmedi</t></item>
<item id="citation_warning"><t>UYARI VERILDI - CEZA YOK</t></item>
<item id="citation_lastwarning"><t>SON UYARI - CEZA YOK</t></item>
<item id="citation_penalty"><t>CEZA VERILDI - $0 KREDI</t></item>
<item id="border_next"><t>SIRADAKI!</t></item>
<item id="border_bomber"><t>KOLECHIA IÇIN!</t></item>
<item id="border_comeback"><t>YARIN SAAT 6'DA GELIN</t></item>
<item id="border_announce0"><t>GIRIŞ GARANTI DEĞIL</t></item>
<item id="border_announce1"><t>EVRAKLARINIZI HAZIRLAYIN</t></item>
<item id="border_announce2"><t>ARSTOTZKA'YA HOŞ GELDINIZ</t></item>
<item id="border_guardout"><t>DIŞARI ÇIK!</t></item>
<item id="border_elisa"><t>ELISA!</t></item>
<item id="family_son_budget"><t>OĞLAN</t></item>
<item id="family_wife_budget"><t>EŞ</t></item>
<item id="family_niece_budget"><t>YEĞEN</t></item>
<item id="family_uncle_budget"><t>DAYI</t></item>
<item id="family_mil_budget"><t>KAYNANA</t></item>
<item id="family_son_status"><t>Oğlan</t></item>
<item id="family_wife_status"><t>Eş</t></item>
<item id="family_niece_status"><t>Yeğen</t></item>
<item id="family_uncle_status"><t>Dayı</t></item>
<item id="family_mil_status"><t>Kaynana</t></item>
<item id="family_son_message"><t>Oğlun</t></item>
<item id="family_wife_message"><t>Eşin</t></item>
<item id="family_niece_message"><t>Yeğenin</t></item>
<item id="family_uncle_message"><t>Dayin</t></item>
<item id="family_mil_message"><t>Kaynanan</t></item>
<item id="night_endof"><t>GÜN SONU</t></item>
<item id="night_day"><t>GÜN: $0</t></item>
<item id="family_verysick_1"><t>$0 ilaç almazsa ölebilir.</t></item>
<item id="family_verysick_many"><t>Çok hasta aile üyeleri ilaç almazsa ölebilir.</t></item>
<item id="family_sick_1"><t>$0 hasta ve ilaca ihtiyaci var.</t></item>
<item id="family_sick_many"><t>Ailenin ilaca ihtiyaci var</t></item>
<item id="family_died_1"><t>$0 vefat etti.</t></item>
<item id="family_died_2"><t>$0 ve $1 vefat etti.</t></item>
<item id="family_died_3"><t>$0, $1 ve $2 vefat etti.</t></item>
<item id="family_died_4"><t>$0, $1, $2 ve $3 vefat etti.</t></item>
<item id="family_died_5"><t>$0, $1, $2, $3 ve $4 vefat etti.</t></item>
<item id="family_escape_with_0"><t>Her şeyi geride bıraktın.</t></item>
<item id="family_escape_with_1"><t>$0 ile birlikte Obristan'a gittin.</t></item>
<item id="family_escape_with_2"><t>$0 ve $1 ile birlikte Obristan'a gittin.</t></item>
<item id="family_escape_with_3"><t>$0, $1 ve $2 ile birlikte Obristan'a gittin.</t></item>
<item id="family_escape_with_4"><t>$0, $1, $2 ve $3 ile birlikte Obristan'a gittin.</t></item>
<item id="family_escape_with_5"><t>$0, $1, $2, $3 ve $4 ile birlikte Obristan'a gittin.</t></item>
<item id="family_escape_without_1"><t>$0 Nirsk'e dönmek için hazırlanıyor.</t></item>
<item id="family_escape_without_2"><t>$0 ve $1 Nirsk'e dönmek için hazırlanıyor.</t></item>
<item id="family_escape_without_3"><t>$0, $1 ve $2 Nirsk'e dönmek için hazırlanıyor.</t></item>
<item id="family_escape_without_4"><t>$0, $1, $2 ve $3 Nirsk'e dönmek için hazırlanıyor.</t></item>
<item id="family_escape_without_5"><t>$0, $1, $2, $3 ve $4 Nirsk'e dönmek için hazırlanıyor.</t></item>
<item id="family_flee_final_0"><t>Vatan Millet Obristan</t></item>
<item id="family_flee_final_1"><t>$0 güvende mi bilinmiyor.</t></item>
<item id="family_flee_final_2"><t>$0 ve $1 güvende mi bilinmiyor.</t></item>
<item id="family_flee_final_3"><t>$0, $1 ve $2 güvende mi bilinmiyor.</t></item>
<item id="family_flee_final_4"><t>$0, $1, $2 ve $3 güvende mi bilinmiyor.</t></item>
<item id="family_flee_final_5"><t>$0, $1, $2, $3 ve $4 güvende mi bilinmiyor.</t></item>
<item id="budget_savings"><t>BİRİKİM</t></item>
<item id="budget_salary"><t>MAAŞ ($0)</t></item>
<item id="budget_penalties"><t>CEZALAR ($0)</t></item>
<item id="budget_bribes"><t>RÜŞVET</t></item>
<item id="budget_rent"><t>KİRA</t></item>
<item id="budget_food"><t>YEMEK</t></item>
<item id="budget_heat"><t>ISINMA</t></item>
<item id="budget_medicine"><t>İLAÇ ($0)</t></item>
<item id="budget_sleep"><t>YAT</t></item>
<item id="budget_escape"><t>KAÇ</t></item>
<item id="menu_back"><t>GERİ</t></item>
<item id="confirm_ok"><t>ONAY</t></item>
<item id="confirm_cancel"><t>İPTAL</t></item>
<item id="menu_mainmenu"><t>ANA MENÜ</t></item>
<item id="menu_resume"><t>DEVAM ET</t></item>
<item id="menu_quit"><t>ÇIK</t></item>
<item id="menu_done"><t>TAMAM</t></item>
<item id="menu_story"><t>HİKÂYE</t></item>
<item id="menu_endless"><t>SONSUZ MOD</t></item>
<item id="menu_play"><t>OYNA</t></item>
<item id="menu_fullscreen"><t>Tam Ekran</t></item>
<item id="menu_nudity"><t>Çiplaklik</t></item>
<item id="menu_easy"><t>Kolay Mod</t></item>
<item id="menu_vibration"><t>Titreşim</t></item>
<item id="menu_music"><t>Müzik</t></item>
<item id="menu_sound"><t>Ses</t></item>
<item id="menu_dateformat"><t>Tarih Formati</t></item>
<item id="menu_language"><t>Dil</t></item>
<item id="menu_device"><t>Cihaz</t></item>
<item id="menu_easytip"><t>Günde + 20 kredi</t></item>
<item id="menu_stats"><t>DURUM</t></item>
<item id="menu_next"><t>SONRAKİ</t></item>
<item id="menu_walktowork"><t>İŞE GİT</t></item>
<item id="menu_paused"><t>DURDURULDU</t></item>
<item id="menu_settings"><t>AYARLAR</t></item>
<item id="menu_credits"><t>EMEĞİ GEÇENLER</t></item>
<item id="menu_checkforupdates"><t>GÜNCELLEMELERI KONTROL ET</t></item>
<item id="stats_text"><t>Oynanan süre $time
$processed yolcu kontrol edildi
$approved yolcu kabul edildi
$denied yolcu reddedildi
$detained yolcu gözaltına alındı
$citations uyarı alındı
$stamps kaşe basıldı
$endtotal sondan $endnum. son</t></item>
<item id="steam_noinit"><t>STEAM BAĞLANTISI BAŞARISIZ

Sorun devam ederse Steam'i tekrar yükleyin.</t></item>
<item id="steam_restartfailed"><t>STEAM YENİDEN BAŞLATILAMADI

Sorun devam ederse Steam'i tekrar yükleyin.</t></item>
<item id="steam_noconnect"><t>STEAM BAĞLANTISI BAŞARISIZ

Oyun Steam istemcisi üzerinden yeniden başlatılacak.</t></item>
<item id="steam_restart"><t>YENİDEN BAŞLAT</t></item>
<item id="load_title"><t>Devam etmek için bir gün seçin veya yeni oyuna başlayın</t></item>
<item id="load_confirm_delete_single"><t>$0. günün kaydı silinsin mi?

Bu işlemi geri alamazsınız.</t></item>
<item id="load_confirm_delete_multi"><t>$0. günden başlayan kayıt $1. güne kadar silinsin mi?

Bu işlemi geri alamazsınız.</t></item>
<item id="load_delete"><t>SİL</t></item>
<item id="load_confirm_full"><t>Kayıt yerleri dolu.

En sağdaki kayıttan devam edin ya da yer açmak için bir bölümü silin.</t></item>
<item id="load_summary"><t>Gün $day
"$news"

$savings kredi, $family aile üyesi,
$tokens jeton, daire $apt</t></item>
<item id="load_continue"><t>DEVAM ET</t></item>
<item id="emotion_happy"><t>MUTLU</t></item>
<item id="emotion_ok"><t>IYI</t></item>
<item id="emotion_sad"><t>ÜZGÜN</t></item>
<item id="emotion_cold"><t>ÜŞÜYOR</t></item>
<item id="emotion_sick"><t>HASTA</t></item>
<item id="emotion_verysick"><t>ÇOK HASTA</t></item>
<item id="emotion_dead"><t>ÖLDÜ</t></item>
<item id="emotion_hungry"><t>AÇ</t></item>
<item id="load_latest"><t>EN SON</t></item>
<item id="entry_approved"><t>GIRIŞ IZNI VERILDI</t></item>
<item id="entry_denied"><t>GIRIŞ REDDEDILDI</t></item>
<item id="stamp_approved"><t>KABUL EDILDI</t></item>
<item id="stamp_denied"><t>REDDEDILDI</t></item>
<item id="stamp_reason"><t>SEBEP</t></item>
<item id="booth_dragdocs"><t>BELGELERI BURAYA SÜRÜKLEYIN</t></item>
<item id="booth_highlight"><t>UYUŞMAZLIKLARI VURGULA</t></item>
<item id="booth_discrepancy"><t>UYUŞMAZLIK
SAPTANDI</t></item>
<item id="booth_interrogate"><t>SORGULA</t></item>
<item id="booth_matching"><t>VERI
UYUŞUYOR</t></item>
<item id="booth_nocorrelation"><t>ALAKA
BULUNAMADI</t></item>
<item id="booth_cleared"><t>UYUŞMAZLIK
AÇIKLANDI</t></item>
<item id="env_clearforentry"><t>Yolcu giriş yapabilir</t></item>
<item id="env_lettermale"><t>E</t></item>
<item id="env_letterfemale"><t>K</t></item>
<item id="env_noalias"><t>Kayıtlarda rumuz yok</t></item>
<item id="env_typochars"><t>aeiou,iuy,pgq,lj,ck,bh</t></item>
<item id="carousel_give"><t>VER</t></item>
<item id="carousel_hang"><t>DUVARA ASILABILIR</t></item>
<item id="carousel_confiscate"><t>EL KOY</t></item>
<item id="endless_complete"><t>$style
$course

$time
$score puan</t></item>
<item id="endless_ranked"><t>#$0 Sira</t></item>
<item id="endless_unlock"><t>Sonsuz modun kilidini açmak için işinizden kovulmadan hikaye modunu tamamlayın</t></item>
<item id="endless_wrongcode"><t>O L M A Z</t></item>
<item id="date_verbose"><t>$month $day, $year</t></item>
<item id="month_1"><t>Ocak</t></item>
<item id="month_2"><t>Şubat</t></item>
<item id="month_3"><t>Mart</t></item>
<item id="month_4"><t>Nisan</t></item>
<item id="month_5"><t>Mayıs</t></item>
<item id="month_6"><t>Haziran</t></item>
<item id="month_7"><t>Temmuz</t></item>
<item id="month_8"><t>Ağustos</t></item>
<item id="month_9"><t>Eylül</t></item>
<item id="month_10"><t>Ekim</t></item>
<item id="month_11"><t>Kasım</t></item>
<item id="month_12"><t>Aralık</t></item>
<item id="day_1"><t>1</t></item>
<item id="day_2"><t>2</t></item>
<item id="day_3"><t>3</t></item>
<item id="day_4"><t>4</t></item>
<item id="day_5"><t>5</t></item>
<item id="day_6"><t>6</t></item>
<item id="day_7"><t>7</t></item>
<item id="day_8"><t>8</t></item>
<item id="day_9"><t>9</t></item>
<item id="day_10"><t>10</t></item>
<item id="day_11"><t>11</t></item>
<item id="day_12"><t>12</t></item>
<item id="day_13"><t>13</t></item>
<item id="day_14"><t>14</t></item>
<item id="day_15"><t>15</t></item>
<item id="day_16"><t>16</t></item>
<item id="day_17"><t>17</t></item>
<item id="day_18"><t>18</t></item>
<item id="day_19"><t>19</t></item>
<item id="day_20"><t>20</t></item>
<item id="day_21"><t>21</t></item>
<item id="day_22"><t>22</t></item>
<item id="day_23"><t>23</t></item>
<item id="day_24"><t>24</t></item>
<item id="day_25"><t>25</t></item>
<item id="day_26"><t>26</t></item>
<item id="day_27"><t>27</t></item>
<item id="day_28"><t>28</t></item>
<item id="day_29"><t>29</t></item>
<item id="day_30"><t>30</t></item>
<item id="day_31"><t>31</t></item>
<item id="bulletin_default"><t>Arstotzka
Dışişleri Bakanlığı
Resmi Bülten

Sayın Memur,

$content

Yaşasın Arstotzka.</t></item>
<item id="bulletin_notice"><t>Arstotzka
Dışişleri Bakanlığı
Resmi Bülten

DUYURU:

$content

Yaşasın Arstotzka.</t></item>
<item id="bulletin_endless"><t>Arstotzka
Dışişleri Bakanlığı
Resmi Bülten

$style

$course

Yaşasın Arstotzka.</t></item>
</data>