<data><item id="language_code"><t>ja</t></item>
<item id="language_name"><t>日本語</t></item>
<item id="language_author"><t>PLAYISM</t></item>
<item id="wrap_hyphen"><t>NONE</t></item>
<item id="created_by"><t>created by Lucas Pope</t></item>
<item id="papers_please"><t>書類を。</t></item>
<item id="protocol_violated"><t>規定違反。</t></item>
<item id="unauth_confiscation"><t>無認可のパスポート押収。</t></item>
<item id="missing_reason"><t>拒否事由の欠落。</t></item>
<item id="citation_warning"><t>通告 - 罰金なし</t></item>
<item id="citation_lastwarning"><t>最終通告 - 罰金なし</t></item>
<item id="citation_penalty"><t>罰金 - $0クレジット</t></item>
<item id="border_next"><t>次！</t></item>
<item id="border_bomber"><t>コレチア万歳！</t></item>
<item id="border_comeback"><t>明日午前６時にまたお越し下さい。</t></item>
<item id="border_announce0"><t>入国の保証はありません。</t></item>
<item id="border_announce1"><t>必要書類をご準備下さい。</t></item>
<item id="border_announce2"><t>ようこそ、アルストツカへ。</t></item>
<item id="border_guardout"><t>出ろ！</t></item>
<item id="border_elisa"><t>ELISA!</t></item>
<item id="family_son_budget"><t>息子</t></item>
<item id="family_wife_budget"><t>妻</t></item>
<item id="family_niece_budget"><t>姪</t></item>
<item id="family_uncle_budget"><t>叔父</t></item>
<item id="family_mil_budget"><t>義母</t></item>
<item id="family_son_status"><t>息子</t></item>
<item id="family_wife_status"><t>妻</t></item>
<item id="family_niece_status"><t>姪</t></item>
<item id="family_uncle_status"><t>叔父</t></item>
<item id="family_mil_status"><t>義母</t></item>
<item id="family_son_message"><t>息子</t></item>
<item id="family_wife_message"><t>妻</t></item>
<item id="family_niece_message"><t>姪</t></item>
<item id="family_uncle_message"><t>叔父</t></item>
<item id="family_mil_message"><t>義母</t></item>
<item id="night_endof"><t>報告</t></item>
<item id="night_day"><t>$0日目</t></item>
<item id="family_verysick_1"><t>薬がなければ$0が死んでしまう。</t></item>
<item id="family_verysick_many"><t>家族が重症だ。薬がなければ死んでしまう。</t></item>
<item id="family_sick_1"><t>病気の$0が薬を必要としている。</t></item>
<item id="family_sick_many"><t>家族が薬を必要としている。</t></item>
<item id="family_died_1"><t>$0が死んだ。</t></item>
<item id="family_died_2"><t>$0と$1が死んだ。</t></item>
<item id="family_died_3"><t>$0、$1、$2が死んだ。</t></item>
<item id="family_died_4"><t>$0、$1、$2、$3が死んだ。</t></item>
<item id="family_died_5"><t>$0、$1、$2、$3、$4が死んだ。</t></item>
<item id="family_escape_with_0"><t>あなたはすべてを置き去りにして逃げた。</t></item>
<item id="family_escape_with_1"><t>オブリスタンへ逃げるため、$0を呼んだ。</t></item>
<item id="family_escape_with_2"><t>オブリスタンへ逃げるため、$0と$1を呼んだ。</t></item>
<item id="family_escape_with_3"><t>オブリスタンへ逃げるため、$0、$1、$2を呼んだ。</t></item>
<item id="family_escape_with_4"><t>オブリスタンへ逃げるため、$0、$1、$2、$3を呼んだ。</t></item>
<item id="family_escape_with_5"><t>オブリスタンへ逃げるため、$0、$1、$2、$3、$4を呼んだ。</t></item>
<item id="family_escape_without_1"><t>$0はニルスクへ戻る準備をする。</t></item>
<item id="family_escape_without_2"><t>$0と$1はニルスクへ戻る準備をする。</t></item>
<item id="family_escape_without_3"><t>$0、$1、$2はニルスクへ戻る準備をする。</t></item>
<item id="family_escape_without_4"><t>$0、$1、$2、$3はニルスクへ戻る準備をする。</t></item>
<item id="family_escape_without_5"><t>$0、$1、$2、$3、$4はニルスクへ戻る準備をする。</t></item>
<item id="family_flee_final_0"><t>オブリスタン万歳！</t></item>
<item id="family_flee_final_1"><t>$0の安否は不明。</t></item>
<item id="family_flee_final_2"><t>$0と$1の安否は不明。</t></item>
<item id="family_flee_final_3"><t>$0、$1、$2の安否は不明。</t></item>
<item id="family_flee_final_4"><t>$0、$1、$2、$3の安否は不明。</t></item>
<item id="family_flee_final_5"><t>$0、$1、$2、$3、$4の安否は不明。</t></item>
<item id="budget_savings"><t>貯金</t></item>
<item id="budget_salary"><t>給料 ($0)</t></item>
<item id="budget_penalties"><t>罰金 ($0)</t></item>
<item id="budget_bribes"><t>賄賂</t></item>
<item id="budget_rent"><t>住居費</t></item>
<item id="budget_food"><t>食料</t></item>
<item id="budget_heat"><t>暖房費</t></item>
<item id="budget_medicine"><t>薬 ($0)</t></item>
<item id="budget_sleep"><t>眠る</t></item>
<item id="budget_escape"><t>逃亡</t></item>
<item id="menu_back"><t>戻る</t></item>
<item id="confirm_ok"><t>決定</t></item>
<item id="confirm_cancel"><t>キャンセル</t></item>
<item id="menu_mainmenu"><t>メインメニュー</t></item>
<item id="menu_resume"><t>再開</t></item>
<item id="menu_quit"><t>終了</t></item>
<item id="menu_done"><t>決定</t></item>
<item id="menu_story"><t>ストーリー</t></item>
<item id="menu_endless"><t>エンドレス</t></item>
<item id="menu_play"><t>PLAY</t></item>
<item id="menu_fullscreen"><t>フルスクリーン</t></item>
<item id="menu_nudity"><t>ハダカ</t></item>
<item id="menu_easy"><t>イージーモード</t></item>
<item id="menu_vibration"><t>バイブ</t></item>
<item id="menu_music"><t>音楽</t></item>
<item id="menu_sound"><t>サウンド</t></item>
<item id="menu_dateformat"><t>日付表示形式</t></item>
<item id="menu_language"><t>言語</t></item>
<item id="menu_device"><t>デバイス</t></item>
<item id="menu_easytip"><t>+20クレジット/日</t></item>
<item id="menu_stats"><t>成績</t></item>
<item id="menu_next"><t>次へ</t></item>
<item id="menu_walktowork"><t>労働へ出向く</t></item>
<item id="menu_paused"><t>PAUSED</t></item>
<item id="menu_settings"><t>設定</t></item>
<item id="menu_credits"><t>CREDITS</t></item>
<item id="menu_checkforupdates"><t>CHECK FOR UPDATES</t></item>
<item id="stats_text"><t>プレイ時間 $time
処理入国者　$processed
許可数　$approved
拒否数　$denied
拘束数　$detained
通告数　$citations
総押印数　$stamps
エンディング　$endtotal種類中 $endnum番</t></item>
<item id="steam_noinit"><t>STEAMとの接続に失敗しました。

この問題が再発した場合、STEAMクライアントを再インストールして下さい。</t></item>
<item id="steam_restartfailed"><t>STEAMの再起動に失敗しました。

この問題が再発した場合、STEAMクライアントを再インストールして下さい。</t></item>
<item id="steam_noconnect"><t>STEAMとの接続に失敗しました。

STEAMクライアントから再起動を試みます。</t></item>
<item id="steam_restart"><t>再起動</t></item>
<item id="load_title"><t>日付を選ぶとロードします。最初からプレイする場合はNewを選んで下さい。</t></item>
<item id="load_confirm_delete_single"><t>$0日目のデータを消去しますか？

復元はできません。</t></item>
<item id="load_confirm_delete_multi"><t>$0日目から$1日目までまとめて消去しますか？

復元はできません。</t></item>
<item id="load_delete"><t>消去</t></item>
<item id="load_confirm_full"><t>セーブデータがいっぱいです。

一番右のセーブデータから再開するか、分岐を消去しデータを解放して下さい。</t></item>
<item id="load_summary"><t>$day日目
"$news"

$savingsクレジット、$family人家族、
記念品 $tokens個、住居 $apt</t></item>
<item id="load_continue"><t>ロード</t></item>
<item id="emotion_happy"><t>幸福</t></item>
<item id="emotion_ok"><t>普通</t></item>
<item id="emotion_sad"><t>哀愁</t></item>
<item id="emotion_cold"><t>風邪</t></item>
<item id="emotion_sick"><t>病気</t></item>
<item id="emotion_verysick"><t>重症</t></item>
<item id="emotion_dead"><t>死亡</t></item>
<item id="emotion_hungry"><t>空腹</t></item>
<item id="load_latest"><t>最新</t></item>
<item id="entry_approved"><t>入国許可</t></item>
<item id="entry_denied"><t>入国拒否</t></item>
<item id="stamp_approved"><t>許可</t></item>
<item id="stamp_denied"><t>拒否</t></item>
<item id="stamp_reason"><t>事由</t></item>
<item id="booth_dragdocs"><t>書類をここにドラッグ</t></item>
<item id="booth_highlight"><t>不審箇所を選択</t></item>
<item id="booth_discrepancy"><t>不審
検知</t></item>
<item id="booth_interrogate"><t>審問する</t></item>
<item id="booth_matching"><t>データ
一致</t></item>
<item id="booth_nocorrelation"><t>関連性
無し</t></item>
<item id="booth_cleared"><t>問題
解消済</t></item>
<item id="env_clearforentry"><t>入国希望者は条件を満たしている。</t></item>
<item id="env_lettermale"><t>男</t></item>
<item id="env_letterfemale"><t>女</t></item>
<item id="env_noalias"><t>別名登録なし</t></item>
<item id="env_typochars"><t>aeiou,iuy,ウクラ,ナメ,ck,bh,シツ,ソン,ジヅゾ,アマ,クタ,ラワ</t></item>
<item id="carousel_give"><t>渡す</t></item>
<item id="carousel_hang"><t>壁掛可能</t></item>
<item id="carousel_confiscate"><t>押収する</t></item>
<item id="endless_complete"><t>$style
$course

$time
$score点</t></item>
<item id="endless_ranked"><t>ランク $0</t></item>
<item id="endless_unlock"><t>職務を全うしてストーリーをクリアすると、エンドレスが解除される。</t></item>
<item id="endless_wrongcode"><t>S O R R Y</t></item>
<item id="date_verbose"><t>$year年 $month $day</t></item>
<item id="month_1"><t>1月</t></item>
<item id="month_2"><t>2月</t></item>
<item id="month_3"><t>3月</t></item>
<item id="month_4"><t>4月</t></item>
<item id="month_5"><t>5月</t></item>
<item id="month_6"><t>6月</t></item>
<item id="month_7"><t>7月</t></item>
<item id="month_8"><t>8月</t></item>
<item id="month_9"><t>9月</t></item>
<item id="month_10"><t>10月</t></item>
<item id="month_11"><t>11月</t></item>
<item id="month_12"><t>12月</t></item>
<item id="day_1"><t>1日</t></item>
<item id="day_2"><t>2日</t></item>
<item id="day_3"><t>3日</t></item>
<item id="day_4"><t>4日</t></item>
<item id="day_5"><t>5日</t></item>
<item id="day_6"><t>6日</t></item>
<item id="day_7"><t>7日</t></item>
<item id="day_8"><t>8日</t></item>
<item id="day_9"><t>9日</t></item>
<item id="day_10"><t>10日</t></item>
<item id="day_11"><t>11日</t></item>
<item id="day_12"><t>12日</t></item>
<item id="day_13"><t>13日</t></item>
<item id="day_14"><t>14日</t></item>
<item id="day_15"><t>15日</t></item>
<item id="day_16"><t>16日</t></item>
<item id="day_17"><t>17日</t></item>
<item id="day_18"><t>18日</t></item>
<item id="day_19"><t>19日</t></item>
<item id="day_20"><t>20日</t></item>
<item id="day_21"><t>21日</t></item>
<item id="day_22"><t>22日</t></item>
<item id="day_23"><t>23日</t></item>
<item id="day_24"><t>24日</t></item>
<item id="day_25"><t>25日</t></item>
<item id="day_26"><t>26日</t></item>
<item id="day_27"><t>27日</t></item>
<item id="day_28"><t>28日</t></item>
<item id="day_29"><t>29日</t></item>
<item id="day_30"><t>30日</t></item>
<item id="day_31"><t>31日</t></item>
<item id="bulletin_default"><t>アルストツカ
入国管理省
公報

審査官へ告ぐ

$content

アルストツカに栄光あれ。</t></item>
<item id="bulletin_notice"><t>アルストツカ
入国管理省
公報

通知：

$content

アルストツカに栄光あれ。</t></item>
<item id="bulletin_endless"><t>アルストツカ
入国管理省
公報

$style

$course

アルストツカに栄光あれ。</t></item>
</data>