<data><item id="language_code"><t>it</t></item>
<item id="language_name"><t>ITALIANO</t></item>
<item id="language_author"><t>team GLOC</t></item>
<item id="wrap_hyphen"><t>-</t></item>
<item id="created_by"><t>creato da Lucas Pope</t></item>
<item id="papers_please"><t>Documenti, prego.</t></item>
<item id="protocol_violated"><t>Violazione di procedura.</t></item>
<item id="unauth_confiscation"><t>Confisca passaporto non autorizzata</t></item>
<item id="missing_reason"><t>Motivo del rifiuto non indicato</t></item>
<item id="citation_warning"><t>AMMONIMENTO - NESSUNA PENALE</t></item>
<item id="citation_lastwarning"><t>ULTIMO AMMONIMENTO - NESSUNA PENALE</t></item>
<item id="citation_penalty"><t>PENALE COMMINATA - $0 CREDITI</t></item>
<item id="border_next"><t>IL PROSSIMO!</t></item>
<item id="border_bomber"><t>PER KOLECHIA!</t></item>
<item id="border_comeback"><t>TORNATE DOMATTINA ALLE 6</t></item>
<item id="border_announce0"><t>L'ENTRATA NON È GARANTITA</t></item>
<item id="border_announce1"><t>PREPARATE I DOCUMENTI</t></item>
<item id="border_announce2"><t>BENVENUTI IN ARSTOTZKA</t></item>
<item id="border_guardout"><t>FUORI!</t></item>
<item id="border_elisa"><t>ELISA!</t></item>
<item id="family_son_budget"><t>FIGLIO</t></item>
<item id="family_wife_budget"><t>MOGLIE</t></item>
<item id="family_niece_budget"><t>NIPOTE</t></item>
<item id="family_uncle_budget"><t>ZIO</t></item>
<item id="family_mil_budget"><t>SUOCERA</t></item>
<item id="family_son_status"><t>Figlio</t></item>
<item id="family_wife_status"><t>Moglie</t></item>
<item id="family_niece_status"><t>Nipote</t></item>
<item id="family_uncle_status"><t>Zio</t></item>
<item id="family_mil_status"><t>Suocera</t></item>
<item id="family_son_message"><t>figlio</t></item>
<item id="family_wife_message"><t>moglie</t></item>
<item id="family_niece_message"><t>nipote</t></item>
<item id="family_uncle_message"><t>zio</t></item>
<item id="family_mil_message"><t>suocera</t></item>
<item id="night_endof"><t>FINE DEL</t></item>
<item id="night_day"><t>GIORNO $0</t></item>
<item id="family_verysick_1"><t>[m]Tuo[/m][f]Tua[/f] $0 morirà senza medicine.</t></item>
<item id="family_verysick_many"><t>I familiari gravemente malati moriranno senza medicine.</t></item>
<item id="family_sick_1"><t>[m]Tuo[/m][f]Tua[/f] $0 ha bisogno di medicine.</t></item>
<item id="family_sick_many"><t>La tua famiglia ha bisogno di medicine.</t></item>
<item id="family_died_1"><t>[m]Tuo[/m][f]Tua[/f] $0 è [m]morto[/m][f]morta[/f].</t></item>
<item id="family_died_2"><t>[m0]Tuo[/m0][f0]Tua[/f0] $0 e [m1]tuo[/m1][f1]tua[/f1] $1 sono [m]morti[/m][f]morte[/f][x]morti[/x].</t></item>
<item id="family_died_3"><t>[m0]Tuo[/m0][f0]Tua[/f0] $0, [m1]tuo[/m1][f1]tua[/f1] $1 e [m2]tuo[/m2][f2]tua[/f2] $2 sono [m]morti[/m][f]morte[/f][x]morti[/x].</t></item>
<item id="family_died_4"><t>[m0]Tuo[/m0][f0]Tua[/f0] $0, [m1]tuo[/m1][f1]tua[/f1] $1, [m2]tuo[/m2][f2]tua[/f2] $2 e [m3]tuo[/m3][f3]tua[/f3] $3 sono [m]morti[/m][f]morte[/f][x]morti[/x].</t></item>
<item id="family_died_5"><t>[m0]Tuo[/m0][f0]Tua[/f0] $0, [m1]tuo[/m1][f1]tua[/f1] $1, [m2]tuo[/m2][f2]tua[/f2] $2, [m3]tuo[/m3][f3]tua[/f3] $3 e [m4]tuo[/m4][f4]tua[/f4] $4 sono [m]morti[/m][f]morte[/f][x]morti[/x].</t></item>
<item id="family_escape_with_0"><t>Ti lasci tutto alle spalle.</t></item>
<item id="family_escape_with_1"><t>Prendi con te [m]tuo[/m][f]tua[/f] $0 per fuggire in Obristan.</t></item>
<item id="family_escape_with_2"><t>Prendi con te [m0]tuo[/m0][f0]tua[/f0] $0 e [m1]tuo[/m1][f1]tua[/f1] $1 per fuggire in Obristan.</t></item>
<item id="family_escape_with_3"><t>Prendi con te [m0]tuo[/m0][f0]tua[/f0] $0, [m1]tuo[/m1][f1]tua[/f1] $1 e [m2]tuo[/m2][f2]tua[/f2] $2 per fuggire in Obristan.</t></item>
<item id="family_escape_with_4"><t>Prendi con te [m0]tuo[/m0][f0]tua[/f0] $0, [m1]tuo[/m1][f1]tua[/f1] $1, [m2]tuo[/m2][f2]tua[/f2] $2 e [m3]tuo[/m3][f3]tua[/f3] $3 per fuggire in Obristan.</t></item>
<item id="family_escape_with_5"><t>Prendi con te [m0]tuo[/m0][f0]tua[/f0] $0, [m1]tuo[/m1][f1]tua[/f1] $1, [m2]tuo[/m2][f2]tua[/f2] $2, [m3]tuo[/m3][f3]tua[/f3] $3 e [m4]tuo[/m4][f4]tua[/f4] $4 per fuggire in Obristan.</t></item>
<item id="family_escape_without_1"><t>[m]Tuo[/m][f]Tua[/f] $0 si prepara per tornare a Nirsk.</t></item>
<item id="family_escape_without_2"><t>[m0]Tuo[/m0][f0]Tua[/f0] $0 e [m1]tuo[/m1][f1]tua[/f1] $1 si preparano per tornare a Nirsk.</t></item>
<item id="family_escape_without_3"><t>[m0]Tuo[/m0][f0]Tua[/f0] $0, [m1]tuo[/m1][f1]tua[/f1] $1 e [m2]tuo[/m2][f2]tua[/f2] $2 si preparano per tornare a Nirsk.</t></item>
<item id="family_escape_without_4"><t>[m0]Tuo[/m0][f0]Tua[/f0] $0, [m1]tuo[/m1][f1]tua[/f1] $1, [m2]tuo[/m2][f2]tua[/f2] $2 e [m3]tuo[/m3][f3]tua[/f3] $3 si preparano per tornare a Nirsk.</t></item>
<item id="family_escape_without_5"><t>[m0]Tuo[/m0][f0]Tua[/f0] $0, [m1]tuo[/m1][f1]tua[/f1] $1, [m2]tuo[/m2][f2]tua[/f2] $2, [m3]tuo[/m3][f3]tua[/f3] $3 e [m4]tuo[/m4][f4]tua[/f4] $4 si preparano per tornare a Nirsk.</t></item>
<item id="family_flee_final_0"><t>Trionfi l'Obristan</t></item>
<item id="family_flee_final_1"><t>La sorte di [m]tuo[/m][f]tua[/f] $0 è ignota.</t></item>
<item id="family_flee_final_2"><t>La sorte di [m0]tuo[/m0][f0]tua[/f0] $0 e [m1]tuo[/m1][f1]tua[/f1] $1 è ignota.</t></item>
<item id="family_flee_final_3"><t>La sorte di [m0]tuo[/m0][f0]tua[/f0] $0, [m1]tuo[/m1][f1]tua[/f1] $1 e [m2]tuo[/m2][f2]tua[/f2] $2 è ignota.</t></item>
<item id="family_flee_final_4"><t>La sorte di [m0]tuo[/m0][f0]tua[/f0] $0, [m1]tuo[/m1][f1]tua[/f1] $1, [m2]tuo[/m2][f2]tua[/f2] $2 e [m3]tuo[/m3][f3]tua[/f3] $3 è ignota.</t></item>
<item id="family_flee_final_5"><t>La sorte di [m0]tuo[/m0][f0]tua[/f0] $0, [m1]tuo[/m1][f1]tua[/f1] $1, [m2]tuo[/m2][f2]tua[/f2] $2, [m3]tuo[/m3][f3]tua[/f3] $3 e [m4]tuo[/m4][f4]tua[/f4] $4 è ignota.</t></item>
<item id="budget_savings"><t>RISPARMI</t></item>
<item id="budget_salary"><t>STIPENDIO ($0)</t></item>
<item id="budget_penalties"><t>PENALITÀ ($0)</t></item>
<item id="budget_bribes"><t>MAZZETTE</t></item>
<item id="budget_rent"><t>AFFITTO</t></item>
<item id="budget_food"><t>CIBO</t></item>
<item id="budget_heat"><t>RISCALDAMENTO</t></item>
<item id="budget_medicine"><t>MEDICINE ($0)</t></item>
<item id="budget_sleep"><t>DORMI</t></item>
<item id="budget_escape"><t>FUGGI</t></item>
<item id="menu_back"><t>INDIETRO</t></item>
<item id="confirm_ok"><t>OK</t></item>
<item id="confirm_cancel"><t>ANNULLA</t></item>
<item id="menu_mainmenu"><t>MENU PRINCIPALE</t></item>
<item id="menu_resume"><t>RIPRENDI</t></item>
<item id="menu_quit"><t>ESCI</t></item>
<item id="menu_done"><t>FINE</t></item>
<item id="menu_story"><t>STORIA</t></item>
<item id="menu_endless"><t>SENZA FINE</t></item>
<item id="menu_play"><t>GIOCA</t></item>
<item id="menu_fullscreen"><t>Schermo intero</t></item>
<item id="menu_nudity"><t>Nudità</t></item>
<item id="menu_easy"><t>Modalità facile</t></item>
<item id="menu_vibration"><t>Vibrazione</t></item>
<item id="menu_music"><t>Musica</t></item>
<item id="menu_sound"><t>Suoni</t></item>
<item id="menu_dateformat"><t>Formato data</t></item>
<item id="menu_language"><t>Lingua</t></item>
<item id="menu_device"><t>Dispositivo</t></item>
<item id="menu_easytip"><t>+ 20 crediti al giorno</t></item>
<item id="menu_stats"><t>STAT</t></item>
<item id="menu_next"><t>AVANTI</t></item>
<item id="menu_walktowork"><t>CAMMINA AL LAVORO</t></item>
<item id="menu_paused"><t>IN PAUSA</t></item>
<item id="menu_settings"><t>IMPOSTAZIONI</t></item>
<item id="menu_credits"><t>RICONOSCIMENTI</t></item>
<item id="menu_checkforupdates"><t>CERCA AGGIORNAMENTI</t></item>
<item id="stats_text"><t>Hai giocato per $time
$processed viaggiatori vagliati
$approved approvati
$denied rifiutati
$detained arrestati
$citations ammonimenti ricevuti
$stamps timbri 
Finale $endnum di $endtotal</t></item>
<item id="steam_noinit"><t>CONNESSIONE A STEAM NON RIUSCITA

Se il problema persiste, reinstalla il client di Steam.</t></item>
<item id="steam_restartfailed"><t>RIAVVIO DI STEAM NON RIUSCITO

Se il problema persiste, reinstalla il client di Steam.</t></item>
<item id="steam_noconnect"><t>CONNESSIONE A STEAM NON RIUSCITA

Il gioco tenterà il riavvio tramite il client di Steam.</t></item>
<item id="steam_restart"><t>RIAVVIA</t></item>
<item id="load_title"><t>Scegli il giorno da cui continuare o inizia una nuova partita</t></item>
<item id="load_confirm_delete_single"><t>Vuoi eliminare questo salvataggio del giorno $0?

Azione irreversibile.</t></item>
<item id="load_confirm_delete_multi"><t>Vuoi eliminare questa serie di salvataggi dal giorno $0 al giorno $1?

Azione irreversibile.</t></item>
<item id="load_delete"><t>ELIMINA</t></item>
<item id="load_confirm_full"><t>Struttura di salvataggio piena.

Continua un salvataggio dall'ultimo giorno a destra o elimina una serie per liberare un percorso.</t></item>
<item id="load_summary"><t>Giorno $day
"$news"

$savings crediti, $family familiari,
$tokens gettoni, appartamento $apt</t></item>
<item id="load_continue"><t>CONTINUA</t></item>
<item id="emotion_happy"><t>FELICE</t></item>
<item id="emotion_ok"><t>OK</t></item>
<item id="emotion_sad"><t>TRISTE</t></item>
<item id="emotion_cold"><t>FREDDO</t></item>
<item id="emotion_sick"><t>MALE</t></item>
<item id="emotion_verysick"><t>GRAVE</t></item>
<item id="emotion_dead"><t>RIP</t></item>
<item id="emotion_hungry"><t>FAME</t></item>
<item id="load_latest"><t>ULTIMA</t></item>
<item id="entry_approved"><t>ENTRATA APPROVATA</t></item>
<item id="entry_denied"><t>ENTRATA RIFIUTATA</t></item>
<item id="stamp_approved"><t>APPROVA</t></item>
<item id="stamp_denied"><t>RIFIUTA</t></item>
<item id="stamp_reason"><t>MOTIVO</t></item>
<item id="booth_dragdocs"><t>TRASCINA I DOCUMENTI QUI</t></item>
<item id="booth_highlight"><t>EVIDENZIA LE INCONGRUENZE</t></item>
<item id="booth_discrepancy"><t>INCONGRUENZA
RILEVATA</t></item>
<item id="booth_interrogate"><t>INTERROGA</t></item>
<item id="booth_matching"><t>DATI
COINCIDENTI</t></item>
<item id="booth_nocorrelation"><t>NESSUNA
CORRELAZIONE</t></item>
<item id="booth_cleared"><t>INCONGRUENZA
CHIARITA</t></item>
<item id="env_clearforentry"><t>Richiedente idoneo all'entrata</t></item>
<item id="env_lettermale"><t>M</t></item>
<item id="env_letterfemale"><t>F</t></item>
<item id="env_noalias"><t>Nessun alias noto</t></item>
<item id="env_typochars"><t>aeiou,iuy,pgq,lj,ck,bh</t></item>
<item id="carousel_give"><t>DAI</t></item>
<item id="carousel_hang"><t>APPENDERE AL MURO</t></item>
<item id="carousel_confiscate"><t>CONFISCARE</t></item>
<item id="endless_complete"><t>$style
$course

$time
Punti: $score</t></item>
<item id="endless_ranked"><t>Posizione: $0</t></item>
<item id="endless_unlock"><t>Completa la modalità storia senza perdere il lavoro per sbloccare la modalità senza fine</t></item>
<item id="endless_wrongcode"><t>E R R O R</t></item>
<item id="date_verbose"><t>$day $month $year</t></item>
<item id="month_1"><t>Gennaio</t></item>
<item id="month_2"><t>Febbraio</t></item>
<item id="month_3"><t>Marzo</t></item>
<item id="month_4"><t>Aprile</t></item>
<item id="month_5"><t>Maggio</t></item>
<item id="month_6"><t>Giugno</t></item>
<item id="month_7"><t>Luglio</t></item>
<item id="month_8"><t>Agosto</t></item>
<item id="month_9"><t>Settembre</t></item>
<item id="month_10"><t>Ottobre</t></item>
<item id="month_11"><t>Novembre</t></item>
<item id="month_12"><t>Dicembre</t></item>
<item id="day_1"><t>1</t></item>
<item id="day_2"><t>2</t></item>
<item id="day_3"><t>3</t></item>
<item id="day_4"><t>4</t></item>
<item id="day_5"><t>5</t></item>
<item id="day_6"><t>6</t></item>
<item id="day_7"><t>7</t></item>
<item id="day_8"><t>8</t></item>
<item id="day_9"><t>9</t></item>
<item id="day_10"><t>10</t></item>
<item id="day_11"><t>11</t></item>
<item id="day_12"><t>12</t></item>
<item id="day_13"><t>13</t></item>
<item id="day_14"><t>14</t></item>
<item id="day_15"><t>15</t></item>
<item id="day_16"><t>16</t></item>
<item id="day_17"><t>17</t></item>
<item id="day_18"><t>18</t></item>
<item id="day_19"><t>19</t></item>
<item id="day_20"><t>20</t></item>
<item id="day_21"><t>21</t></item>
<item id="day_22"><t>22</t></item>
<item id="day_23"><t>23</t></item>
<item id="day_24"><t>24</t></item>
<item id="day_25"><t>25</t></item>
<item id="day_26"><t>26</t></item>
<item id="day_27"><t>27</t></item>
<item id="day_28"><t>28</t></item>
<item id="day_29"><t>29</t></item>
<item id="day_30"><t>30</t></item>
<item id="day_31"><t>31</t></item>
<item id="bulletin_default"><t>Arstotzka
Ministero dell'Accoglienza
Bollettino Ufficiale

Ispettore,

$content

Gloria ad Arstotzka.</t></item>
<item id="bulletin_notice"><t>Arstotzka
Ministero dell'Accoglienza
Bollettino Ufficiale

AVVISO:

$content

Gloria ad Arstotzka.</t></item>
<item id="bulletin_endless"><t>Arstotzka
Ministero dell'Accoglienza
Bollettino Ufficiale

$style

$course

Gloria ad Arstotzka.</t></item>
</data>