<data><item id="language_code"><t>de</t></item>
<item id="language_name"><t>DEUTSCH</t></item>
<item id="language_author"><t>Rolf Klischewski</t></item>
<item id="wrap_hyphen"><t>-</t></item>
<item id="created_by"><t>Ein Spiel von Lucas Pope</t></item>
<item id="papers_please"><t>Papiere, bitte.</t></item>
<item id="protocol_violated"><t>Vorschriften mißachtet.</t></item>
<item id="unauth_confiscation"><t>Unautorisierte Konfiszierung eines Passes</t></item>
<item id="missing_reason"><t>Ablehnung ohne Begründung</t></item>
<item id="citation_warning"><t>VERWARNUNG - KEIN BUSSGELD</t></item>
<item id="citation_lastwarning"><t>LETZTE VERWARNUNG - KEIN BUSSGELD</t></item>
<item id="citation_penalty"><t>BUSSGELD - $0 CREDITS</t></item>
<item id="border_next"><t>NÄCHSTER!</t></item>
<item id="border_bomber"><t>FÜR KOLECHIEN!</t></item>
<item id="border_comeback"><t>KOMMEN SIE MORGEN UM 6 UHR WIEDER</t></item>
<item id="border_announce0"><t>DIE EINREISE KANN NICHT GARANTIERT WERDEN</t></item>
<item id="border_announce1"><t>HALTEN SIE IHRE PAPIERE BEREIT</t></item>
<item id="border_announce2"><t>ARSTOTZKA HEISST SIE WILLKOMMEN</t></item>
<item id="border_guardout"><t>RAUS!</t></item>
<item id="border_elisa"><t>ELISA!</t></item>
<item id="family_son_budget"><t>SOHN</t></item>
<item id="family_wife_budget"><t>FRAU</t></item>
<item id="family_niece_budget"><t>NICHTE</t></item>
<item id="family_uncle_budget"><t>ONKEL</t></item>
<item id="family_mil_budget"><t>SCHWIEGERM.</t></item>
<item id="family_son_status"><t>Sohn</t></item>
<item id="family_wife_status"><t>Frau</t></item>
<item id="family_niece_status"><t>Nichte</t></item>
<item id="family_uncle_status"><t>Onkel</t></item>
<item id="family_mil_status"><t>Schwiegermutter</t></item>
<item id="family_son_message"><t>Ihr Sohn</t></item>
<item id="family_wife_message"><t>Ihre Frau</t></item>
<item id="family_niece_message"><t>Ihre Nichte</t></item>
<item id="family_uncle_message"><t>Ihr Onkel</t></item>
<item id="family_mil_message"><t>Ihre Schwiegermutter</t></item>
<item id="night_endof"><t>ENDE VON</t></item>
<item id="night_day"><t>TAG $0</t></item>
<item id="family_verysick_1"><t>$0 wird ohne Medikamente sterben.</t></item>
<item id="family_verysick_many"><t>Sehr kranke Familienmitglieder sterben ohne Medikamente.</t></item>
<item id="family_sick_1"><t>$0 ist krank und braucht Medikamente.</t></item>
<item id="family_sick_many"><t>Ihre Familie braucht Medikamente.</t></item>
<item id="family_died_1"><t>$0 ist gestorben.</t></item>
<item id="family_died_2"><t>$0 und $1 sind gestorben.</t></item>
<item id="family_died_3"><t>$0, $1 und $2 sind gestorben.</t></item>
<item id="family_died_4"><t>$0, $1, $2 und $3 sind gestorben.</t></item>
<item id="family_died_5"><t>$0, $1, $2, $3 und $4 sind gestorben.</t></item>
<item id="family_escape_with_0"><t>Sie lassen alles zurück.</t></item>
<item id="family_escape_with_1"><t>$0 und Sie machen sich auf den Weg nach Obristan.</t></item>
<item id="family_escape_with_2"><t>$0 und $1 machen sich mit Ihnen auf den Weg nach Obristan.</t></item>
<item id="family_escape_with_3"><t>$0, $1 und $2 machen sich mit Ihnen auf den Weg nach Obristan.</t></item>
<item id="family_escape_with_4"><t>$0, $1, $2 und $3 machen sich mit Ihnen auf den Weg nach Obristan.</t></item>
<item id="family_escape_with_5"><t>$0, $1, $2, $3 und $4 machen sich mit Ihnen auf den Weg nach Obristan.</t></item>
<item id="family_escape_without_1"><t>$0 bereitet sich auf die Rückkehr nach Nirsk vor.</t></item>
<item id="family_escape_without_2"><t>$0 und $1 bereiten sich auf die Rückkehr nach Nirsk vor.</t></item>
<item id="family_escape_without_3"><t>$0, $1 und $2 bereiten sich auf die Rückkehr nach Nirsk vor.</t></item>
<item id="family_escape_without_4"><t>$0, $1, $2 und $3 bereiten sich auf die Rückkehr nach Nirsk vor.</t></item>
<item id="family_escape_without_5"><t>$0, $1, $2, $3 und $4 bereiten sich auf die Rückkehr nach Nirsk vor.</t></item>
<item id="family_flee_final_0"><t>Obristan über alles</t></item>
<item id="family_flee_final_1"><t>Es ist unklar, ob $0 in Sicherheit ist.</t></item>
<item id="family_flee_final_2"><t>Es ist unklar, ob $0 und $1 in Sicherheit sind.</t></item>
<item id="family_flee_final_3"><t>Es ist unklar, ob $0, $1 und $2 in Sicherheit sind.</t></item>
<item id="family_flee_final_4"><t>Es ist unklar, ob $0, $1, $2 und $3 in Sicherheit sind.</t></item>
<item id="family_flee_final_5"><t>Es ist unklar, ob $0, $1, $2, $3 und $4 in Sicherheit sind.</t></item>
<item id="budget_savings"><t>ERSPARNISSE</t></item>
<item id="budget_salary"><t>GEHALT ($0)</t></item>
<item id="budget_penalties"><t>BUSSGELDER ($0)</t></item>
<item id="budget_bribes"><t>BESTECHUNGEN</t></item>
<item id="budget_rent"><t>MIETE</t></item>
<item id="budget_food"><t>NAHRUNG</t></item>
<item id="budget_heat"><t>HEIZUNG</t></item>
<item id="budget_medicine"><t>MEDIKAMENTE ($0)</t></item>
<item id="budget_sleep"><t>SCHLAFEN</t></item>
<item id="budget_escape"><t>FLUCHT</t></item>
<item id="menu_back"><t>ZURÜCK</t></item>
<item id="confirm_ok"><t>OKAY</t></item>
<item id="confirm_cancel"><t>ABBRECHEN</t></item>
<item id="menu_mainmenu"><t>HAUPTMENÜ</t></item>
<item id="menu_resume"><t>FORTSETZEN</t></item>
<item id="menu_quit"><t>BEENDEN</t></item>
<item id="menu_done"><t>FERTIG</t></item>
<item id="menu_story"><t>GESCHICHTE</t></item>
<item id="menu_endless"><t>ENDLOS</t></item>
<item id="menu_play"><t>SPIELEN</t></item>
<item id="menu_fullscreen"><t>Vollbild</t></item>
<item id="menu_nudity"><t>Nacktheit</t></item>
<item id="menu_easy"><t>Leichter Modus</t></item>
<item id="menu_vibration"><t>Vibration</t></item>
<item id="menu_music"><t>Musik</t></item>
<item id="menu_sound"><t>Sound</t></item>
<item id="menu_dateformat"><t>Datumsformat</t></item>
<item id="menu_language"><t>Sprache</t></item>
<item id="menu_device"><t>Gerät</t></item>
<item id="menu_easytip"><t>+ 20 Credits pro Tag</t></item>
<item id="menu_stats"><t>STATISTIK</t></item>
<item id="menu_next"><t>WEITER</t></item>
<item id="menu_walktowork"><t>ZUR ARBEIT GEHEN</t></item>
<item id="menu_paused"><t>PAUSE</t></item>
<item id="menu_settings"><t>EINSTELLUNGEN</t></item>
<item id="menu_credits"><t>MITWIRKENDE</t></item>
<item id="menu_checkforupdates"><t>NACH UPDATES SUCHEN</t></item>
<item id="stats_text"><t>$time gespielt
$processed Reisende abgefertigt
$approved passieren lassen
$denied abgewiesen
$detained verhaftet
$citations Verweise bekommen
$stamps Papiere abgestempelt
Ende $endnum von $endtotal</t></item>
<item id="steam_noinit"><t>VERBINDUNG MIT STEAM FEHLGESCHLAGEN

Sollte dieses Problem weiter bestehen bleiben, bitte den Steam-Client erneut installieren.</t></item>
<item id="steam_restartfailed"><t>STEAM-NEUSTART FEHLGESCHLAGEN

Sollte dieses Problem weiter bestehen bleiben, bitte den Steam-Client erneut installieren.</t></item>
<item id="steam_noconnect"><t>VERBINDUNG MIT STEAM FEHLGESCHLAGEN

Das Spiel wird versuchen, über den Steam-Client neu zu starten.</t></item>
<item id="steam_restart"><t>NEUSTART</t></item>
<item id="load_title"><t>Wählen Sie einen Tag, an dem Sie fortfahren möchten, oder starten Sie ein neues Spiel</t></item>
<item id="load_confirm_delete_single"><t>Diesen Spielstand vom Tag $0 löschen?

Das Löschen kann nicht rückgängig gemacht werden.</t></item>
<item id="load_confirm_delete_multi"><t>Diese gespeicherte Verzweigung von Tag $0 bis Tag $1 löschen?

Das Löschen kann nicht rückgängig gemacht werden.</t></item>
<item id="load_delete"><t>LÖSCHEN</t></item>
<item id="load_confirm_full"><t>Speicherplätze voll belegt.

Setzen Sie Ihr Spiel mit dem Spielstand rechts außen fort oder löschen Sie eine Verzweigung, um einen Speicherplatz freizumachen.</t></item>
<item id="load_summary"><t>Tag $day
"$news"

$savings Credits, $family Familienmitglied(er),
$tokens Medaille(n), Wohnung $apt</t></item>
<item id="load_continue"><t>FORTSETZEN</t></item>
<item id="emotion_happy"><t>FROH</t></item>
<item id="emotion_ok"><t>OK</t></item>
<item id="emotion_sad"><t>TRAURIG</t></item>
<item id="emotion_cold"><t>FRIERT</t></item>
<item id="emotion_sick"><t>KRANK</t></item>
<item id="emotion_verysick"><t>SEHR KRANK</t></item>
<item id="emotion_dead"><t>TOT</t></item>
<item id="emotion_hungry"><t>HUNGRIG</t></item>
<item id="load_latest"><t>NEUSTE</t></item>
<item id="entry_approved"><t>EINREISE GESTATTET</t></item>
<item id="entry_denied"><t>EINREISE VERWEIGERT</t></item>
<item id="stamp_approved"><t>GENEHMIGT</t></item>
<item id="stamp_denied"><t>ABGELEHNT</t></item>
<item id="stamp_reason"><t>GRUND</t></item>
<item id="booth_dragdocs"><t>DOKUMENTE HIER HINZIEHEN</t></item>
<item id="booth_highlight"><t>DISKREPANZEN HERVORHEBEN</t></item>
<item id="booth_discrepancy"><t>DISKREPANZ
ENTDECKT</t></item>
<item id="booth_interrogate"><t>VERHÖREN</t></item>
<item id="booth_matching"><t>ÜBEREIN-
STIMMUNG</t></item>
<item id="booth_nocorrelation"><t>KEINE
ÜBEREINSTIMMUNG</t></item>
<item id="booth_cleared"><t>DISKREPANZ
AUFGEKLÄRT</t></item>
<item id="env_clearforentry"><t>Person war einreiseberechtigt</t></item>
<item id="env_lettermale"><t>M</t></item>
<item id="env_letterfemale"><t>W</t></item>
<item id="env_noalias"><t>Kein Alias bekannt</t></item>
<item id="env_typochars"><t>aeiou,iuy,pgq,lj,ck,bh</t></item>
<item id="carousel_give"><t>GEBEN</t></item>
<item id="carousel_hang"><t>AUFHÄNGEN</t></item>
<item id="carousel_confiscate"><t>KONFISZIEREN</t></item>
<item id="endless_complete"><t>$style
$course

$time
$score Punkte</t></item>
<item id="endless_ranked"><t>Rang #$0</t></item>
<item id="endless_unlock"><t>Schließen Sie die Geschichte ab, ohne Ihre Stelle zu verlieren, um den Endlos-Modus freizuschalten</t></item>
<item id="endless_wrongcode"><t>S O R R Y</t></item>
<item id="date_verbose"><t>$day $month $year</t></item>
<item id="month_1"><t>Januar</t></item>
<item id="month_2"><t>Februar</t></item>
<item id="month_3"><t>März</t></item>
<item id="month_4"><t>April</t></item>
<item id="month_5"><t>Mai</t></item>
<item id="month_6"><t>Juni</t></item>
<item id="month_7"><t>Juli</t></item>
<item id="month_8"><t>August</t></item>
<item id="month_9"><t>September</t></item>
<item id="month_10"><t>Oktober</t></item>
<item id="month_11"><t>November</t></item>
<item id="month_12"><t>Dezember</t></item>
<item id="day_1"><t>1.</t></item>
<item id="day_2"><t>2.</t></item>
<item id="day_3"><t>3.</t></item>
<item id="day_4"><t>4.</t></item>
<item id="day_5"><t>5.</t></item>
<item id="day_6"><t>6.</t></item>
<item id="day_7"><t>7.</t></item>
<item id="day_8"><t>8.</t></item>
<item id="day_9"><t>9.</t></item>
<item id="day_10"><t>10.</t></item>
<item id="day_11"><t>11.</t></item>
<item id="day_12"><t>12.</t></item>
<item id="day_13"><t>13.</t></item>
<item id="day_14"><t>14.</t></item>
<item id="day_15"><t>15.</t></item>
<item id="day_16"><t>16.</t></item>
<item id="day_17"><t>17.</t></item>
<item id="day_18"><t>18.</t></item>
<item id="day_19"><t>19.</t></item>
<item id="day_20"><t>20.</t></item>
<item id="day_21"><t>21.</t></item>
<item id="day_22"><t>22.</t></item>
<item id="day_23"><t>23.</t></item>
<item id="day_24"><t>24.</t></item>
<item id="day_25"><t>25.</t></item>
<item id="day_26"><t>26.</t></item>
<item id="day_27"><t>27.</t></item>
<item id="day_28"><t>28.</t></item>
<item id="day_29"><t>29.</t></item>
<item id="day_30"><t>30.</t></item>
<item id="day_31"><t>31.</t></item>
<item id="bulletin_default"><t>Arstotzka
Ministerium für Grenzschutz
Offizielle Depesche

Inspektor,

$content

Es lebe Arstotzka.</t></item>
<item id="bulletin_notice"><t>Arstotzka
Ministerium für Grenzschutz
Offizielle Depesche

HINWEIS:

$content

Es lebe Arstotzka.</t></item>
<item id="bulletin_endless"><t>Arstotzka
Ministerium für Grenzschutz
Offizielle Depesche

$style

$course

Es lebe Arstotzka.</t></item>
</data>