<data><item id="language_code"><t>cs</t></item>
<item id="language_name"><t>ČEŠTINA</t></item>
<item id="language_author"><t>Tom2886Cz,Datastor,Spyker</t></item>
<item id="wrap_hyphen"><t>-</t></item>
<item id="created_by"><t>vytvořil Lucas Pope</t></item>
<item id="papers_please"><t>Doklady, prosím.</t></item>
<item id="protocol_violated"><t>Protokol porušen.</t></item>
<item id="unauth_confiscation"><t>Neoprávněné zabavení pasu</t></item>
<item id="missing_reason"><t>Nebyl udělen důvod k zamítnutí</t></item>
<item id="citation_warning"><t>VAROVÁNÍ VYSTAVENO - BEZ POKUTY</t></item>
<item id="citation_lastwarning"><t>POSLEDNÍ VAROVÁNÍ - BEZ POKUTY</t></item>
<item id="citation_penalty"><t>STANOVENA POKUTA - $0 KREDITŮ</t></item>
<item id="border_next"><t>DALŠÍ!</t></item>
<item id="border_bomber"><t>ZA KOLEČII!</t></item>
<item id="border_comeback"><t>VRAŤTE SE ZÍTRA V ŠEST HODIN RÁNO</t></item>
<item id="border_announce0"><t>VSTUP NENÍ ZARUČEN</t></item>
<item id="border_announce1"><t>MĚJTE DOKLADY U SEBE</t></item>
<item id="border_announce2"><t>ARSTOTZKA VÁS VÍTÁ</t></item>
<item id="border_guardout"><t>VEN!</t></item>
<item id="border_elisa"><t>ELISO!</t></item>
<item id="family_son_budget"><t>SYN</t></item>
<item id="family_wife_budget"><t>ŽENA</t></item>
<item id="family_niece_budget"><t>NETEŘ</t></item>
<item id="family_uncle_budget"><t>STRÝČEK</t></item>
<item id="family_mil_budget"><t>TCHÝNĚ</t></item>
<item id="family_son_status"><t>Syn</t></item>
<item id="family_wife_status"><t>Žena</t></item>
<item id="family_niece_status"><t>Neteř</t></item>
<item id="family_uncle_status"><t>Strýček</t></item>
<item id="family_mil_status"><t>Tchýně</t></item>
<item id="family_son_message"><t>syn</t></item>
<item id="family_wife_message"><t>žena</t></item>
<item id="family_niece_message"><t>neteř</t></item>
<item id="family_uncle_message"><t>strýček</t></item>
<item id="family_mil_message"><t>tchýně</t></item>
<item id="night_endof"><t>KONEC</t></item>
<item id="night_day"><t>$0. DNE</t></item>
<item id="family_verysick_1"><t>$0 bez léků zemře.</t></item>
<item id="family_verysick_many"><t>Těžce nemocní členové rodiny bez léků zemřou.</t></item>
<item id="family_sick_1"><t>[m]Váš[/m][f]Vaše[/f] $0 trpí nemocí a potřebuje léky.</t></item>
<item id="family_sick_many"><t>Vaše rodina potřebuje léky.</t></item>
<item id="family_died_1"><t>[m0]Váš[/m0][f0]Vaše[/f0] $0 je po smrti.</t></item>
<item id="family_died_2"><t>[m0]Váš[/m0][f0]Vaše[/f0] $0 a [m1]váš[/m1][f1]vaše[/f1] $1 jsou po smrti.</t></item>
<item id="family_died_3"><t>[m0]Váš[/m0][f0]Vaše[/f0] $0, $1 a $2 jsou po smrti.</t></item>
<item id="family_died_4"><t>[m0]Váš[/m0][f0]Vaše[/f0] $0, $1, $2 a $3 jsou po smrti.</t></item>
<item id="family_died_5"><t>[m0]Váš[/m0][f0]Vaše[/f0] $0, $1, $2, $3 a $4 jsou po smrti.</t></item>
<item id="family_escape_with_0"><t>Necháváte vše za sebou.</t></item>
<item id="family_escape_with_1"><t>Vy a [m]váš[/m][f]vaše[/f] $0 odjíždíte do Obristánu.</t></item>
<item id="family_escape_with_2"><t>[m0]Váš[/m0][f0]Vaše[/f0] $0 a [m1]váš[/m1][f1]vaše[/f1] $1 s vámi odjíždějí do Obristánu.</t></item>
<item id="family_escape_with_3"><t>[m0]Váš[/m0][f0]Vaše[/f0] $0, $1 a $2 s vámi odjíždějí do Obristánu.</t></item>
<item id="family_escape_with_4"><t>[m0]Váš[/m0][f0]Vaše[/f0] $0, $1, $2 a $3 s vámi odjíždějí do Obristánu.</t></item>
<item id="family_escape_with_5"><t>[m0]Váš[/m0][f0]Vaše[/f0] $0, $1, $2, $3 a $4 s vámi odjíždějí do Obristánu.</t></item>
<item id="family_escape_without_1"><t>[m0]Váš[/m0][f0]Vaše[/f0] $0 se připravuje na návrat do Nirsku.</t></item>
<item id="family_escape_without_2"><t>[m0]Váš[/m0][f0]Vaše[/f0] $0 a [m1]váš[/m1][f1]vaše[/f1] $1 se připravují na návrat do Nirsku.</t></item>
<item id="family_escape_without_3"><t>[m0]Váš[/m0][f0]Vaše[/f0] $0, $1 a $2 se připravují na návrat do Nirsku.</t></item>
<item id="family_escape_without_4"><t>[m0]Váš[/m0][f0]Vaše[/f0] $0, $1, $2 a $3 se připravují na návrat do Nirsku.</t></item>
<item id="family_escape_without_5"><t>[m0]Váš[/m0][f0]Vaše[/f0] $0, $1, $2, $3 a $4 se připravují na návrat do Nirsku.</t></item>
<item id="family_flee_final_0"><t>Obristán nadevše.</t></item>
<item id="family_flee_final_1"><t>Nemáte potuchu, jak na tom je [m0]váš[/m0][f0]vaše[/f0] $0.</t></item>
<item id="family_flee_final_2"><t>Nemáte potuchu, jak na tom je [m0]váš[/m0][f0]vaše[/f0] $0 a [m1]váš[/m1][f1]vaše[/f1] $1.</t></item>
<item id="family_flee_final_3"><t>Nemáte potuchu, jak na tom je [m0]váš[/m0][f0]vaše[/f0] $0, $1 a $2.</t></item>
<item id="family_flee_final_4"><t>Nemáte potuchu, jak na tom je [m0]váš[/m0][f0]vaše[/f0] $0, $1, $2 a $3.</t></item>
<item id="family_flee_final_5"><t>Nemáte potuchu, jak na tom je [m0]váš[/m0][f0]vaše[/f0] $0, $1, $2, $3 a $4.</t></item>
<item id="budget_savings"><t>ÚSPORY</t></item>
<item id="budget_salary"><t>VÝPLATA ($0)</t></item>
<item id="budget_penalties"><t>POKUTY ($0)</t></item>
<item id="budget_bribes"><t>ÚPLATKY</t></item>
<item id="budget_rent"><t>NÁJEM</t></item>
<item id="budget_food"><t>STRAVA</t></item>
<item id="budget_heat"><t>TOPENÍ</t></item>
<item id="budget_medicine"><t>LÉKY ($0)</t></item>
<item id="budget_sleep"><t>SPÁT</t></item>
<item id="budget_escape"><t>UTÉCT</t></item>
<item id="menu_back"><t>ZPĚT</t></item>
<item id="confirm_ok"><t>POTVRDIT</t></item>
<item id="confirm_cancel"><t>ZRUŠIT</t></item>
<item id="menu_mainmenu"><t>HLAVNÍ MENU</t></item>
<item id="menu_resume"><t>POKRAČOVAT</t></item>
<item id="menu_quit"><t>KONEC</t></item>
<item id="menu_done"><t>HOTOVO</t></item>
<item id="menu_story"><t>PŘÍBĚHOVÝ REŽIM</t></item>
<item id="menu_endless"><t>NEKONEČNÝ REŽIM</t></item>
<item id="menu_play"><t>HRÁT</t></item>
<item id="menu_fullscreen"><t>Celá obrazovka</t></item>
<item id="menu_nudity"><t>Nahota</t></item>
<item id="menu_easy"><t>Jednoduchý režim</t></item>
<item id="menu_vibration"><t>Vibrace</t></item>
<item id="menu_music"><t>Hudba</t></item>
<item id="menu_sound"><t>Zvuky</t></item>
<item id="menu_dateformat"><t>Formát data</t></item>
<item id="menu_language"><t>Jazyk</t></item>
<item id="menu_device"><t>Typ zařízení</t></item>
<item id="menu_easytip"><t>+ 20 kreditů denně</t></item>
<item id="menu_stats"><t>STATISTIKY</t></item>
<item id="menu_next"><t>DALŠÍ</t></item>
<item id="menu_walktowork"><t>JÍT DO PRÁCE</t></item>
<item id="menu_paused"><t>POZASTAVENO</t></item>
<item id="menu_settings"><t>NASTAVENÍ</t></item>
<item id="menu_credits"><t>TITULKY</t></item>
<item id="menu_checkforupdates"><t>VYHLEDAT AKTUALIZACE</t></item>
<item id="stats_text"><t>Odehraná doba - $time
Odbavených cestujících - $processed
Schválených cestujících - $approved
Odmítnutých cestujících - $denied
Zadržených cestujících - $detained
Obdržených pokut - $citations
Udělených razítek - $stamps
Konec - $endnum z $endtotal</t></item>
<item id="load_title"><t>K pokračování si zvolte den nebo začněte novou hru</t></item>
<item id="load_confirm_delete_single"><t>Opravdu chcete smazat uložení ze dne $0?

Tuto akci nelze vrátit zpět.</t></item>
<item id="load_confirm_delete_multi"><t>Opravdu chcete smazat dny $0-$1?

Tuto akci nelze vrátit zpět.</t></item>
<item id="load_delete"><t>SMAZAT</t></item>
<item id="load_confirm_full"><t>Úložné pozice jsou plné.

Pokračujte od uložené pozice napravo nebo pro uvolnění místa smažte úložné odvětví.</t></item>
<item id="load_summary"><t>Den $day
"$news"

kredity - $savings, členové rodiny - $family,
žetony - $tokens, byt - $apt</t></item>
<item id="load_continue"><t>POKRAČOVAT</t></item>
<item id="emotion_happy"><t>:)</t></item>
<item id="emotion_ok"><t>OK</t></item>
<item id="emotion_sad"><t>:(</t></item>
<item id="emotion_cold"><t>ZIMA</t></item>
<item id="emotion_sick"><t>NEMOC</t></item>
<item id="emotion_verysick"><t>VÁŽNÁ NEMOC</t></item>
<item id="emotion_dead"><t>SMRT</t></item>
<item id="emotion_hungry"><t>HLAD</t></item>
<item id="load_latest"><t>NEJNOVĚJŠÍ</t></item>
<item id="entry_approved"><t>VSTUP POVOLEN</t></item>
<item id="entry_denied"><t>VSTUP ZAMÍTNUT</t></item>
<item id="stamp_approved"><t>SCHVÁLENO</t></item>
<item id="stamp_denied"><t>ZAMÍTNUTO</t></item>
<item id="stamp_reason"><t>DŮVOD</t></item>
<item id="booth_dragdocs"><t>DOKLADY PŘETÁHNĚTE SEM</t></item>
<item id="booth_highlight"><t>ZVÝRAZNĚTE NESROVNALOSTI</t></item>
<item id="booth_discrepancy"><t>ZJIŠTĚNA
NESROVNALOST</t></item>
<item id="booth_interrogate"><t>VYSLECHNOUT</t></item>
<item id="booth_matching"><t>DATA SE
SHODUJÍ</t></item>
<item id="booth_nocorrelation"><t>ŽÁDNÁ
SPOJITOST</t></item>
<item id="booth_cleared"><t>NESROVNALOST
VYSVĚTLENA</t></item>
<item id="env_clearforentry"><t>Žadatel může vstoupit</t></item>
<item id="env_lettermale"><t>M</t></item>
<item id="env_letterfemale"><t>Ž</t></item>
<item id="env_noalias"><t>Žádná další známá jména</t></item>
<item id="env_typochars"><t>aeiou,iuy,pgq,lj,ck,bh,zs</t></item>
<item id="carousel_give"><t>DÁT</t></item>
<item id="carousel_hang"><t>POVĚSIT NA ZEĎ</t></item>
<item id="carousel_confiscate"><t>ZABAVIT</t></item>
<item id="endless_complete"><t>$style
$course

$time
$score bodů</t></item>
<item id="endless_ranked"><t>Umístění - #$0</t></item>
<item id="endless_unlock"><t>Dokončete příběhový režim a udržte si svoji práci pro odemčení nekonečného režimu</t></item>
<item id="endless_wrongcode"><t>C H Y B A</t></item>
<item id="date_verbose"><t>$day. $month, $year</t></item>
<item id="month_1"><t>Ledna</t></item>
<item id="month_2"><t>Února</t></item>
<item id="month_3"><t>Března</t></item>
<item id="month_4"><t>Dubna</t></item>
<item id="month_5"><t>Května</t></item>
<item id="month_6"><t>Června</t></item>
<item id="month_7"><t>Července</t></item>
<item id="month_8"><t>Srpna</t></item>
<item id="month_9"><t>Září</t></item>
<item id="month_10"><t>Října</t></item>
<item id="month_11"><t>Listopadu</t></item>
<item id="month_12"><t>Prosince</t></item>
<item id="day_1"><t>1</t></item>
<item id="day_2"><t>2</t></item>
<item id="day_3"><t>3</t></item>
<item id="day_4"><t>4</t></item>
<item id="day_5"><t>5</t></item>
<item id="day_6"><t>6</t></item>
<item id="day_7"><t>7</t></item>
<item id="day_8"><t>8</t></item>
<item id="day_9"><t>9</t></item>
<item id="day_10"><t>10</t></item>
<item id="day_11"><t>11</t></item>
<item id="day_12"><t>12</t></item>
<item id="day_13"><t>13</t></item>
<item id="day_14"><t>14</t></item>
<item id="day_15"><t>15</t></item>
<item id="day_16"><t>16</t></item>
<item id="day_17"><t>17</t></item>
<item id="day_18"><t>18</t></item>
<item id="day_19"><t>19</t></item>
<item id="day_20"><t>20</t></item>
<item id="day_21"><t>21</t></item>
<item id="day_22"><t>22</t></item>
<item id="day_23"><t>23</t></item>
<item id="day_24"><t>24</t></item>
<item id="day_25"><t>25</t></item>
<item id="day_26"><t>26</t></item>
<item id="day_27"><t>27</t></item>
<item id="day_28"><t>28</t></item>
<item id="day_29"><t>29</t></item>
<item id="day_30"><t>30</t></item>
<item id="day_31"><t>31</t></item>
<item id="bulletin_default"><t>Arstotzké
Ministerstvo pro vstup
Úřední oběžník
 
Inspektore,
 
$content
 
Sláva Arstotzce.</t></item>
<item id="bulletin_notice"><t>Arstotzké
Ministerstvo pro vstup
Úřední oběžník
 
VYHLÁŠKA:
 
$content
 
Sláva Arstotzce.</t></item>
<item id="bulletin_endless"><t>Arstotzké
Ministerstvo pro vstup
Úřední oběžník
 
$style
 
$course
 
Sláva Arstotzce.</t></item>
</data>