<data><item id="language_code"><t>ru</t></item>
<item id="language_name"><t>РУССКИЙ</t></item>
<item id="language_author"><t>Lazy Games</t></item>
<item id="wrap_hyphen"><t>-</t></item>
<item id="created_by"><t>автор Lucas Pope</t></item>
<item id="papers_please"><t>Ваши документы!</t></item>
<item id="protocol_violated"><t>Нарушение правил</t></item>
<item id="unauth_confiscation"><t>Паспорт изъят незаконно</t></item>
<item id="missing_reason"><t>Отказ без указания причин</t></item>
<item id="citation_warning"><t>ЗАМЕЧАНИЕ БЕЗ ШТРАФА</t></item>
<item id="citation_lastwarning"><t>ПОСЛЕДНЕЕ ЗАМЕЧАНИЕ БЕЗ ШТРАФА</t></item>
<item id="citation_penalty"><t>НАЛОЖЕН ШТРАФ - $0 КРЕДИТОВ</t></item>
<item id="border_next"><t>СЛЕДУЮЩИЙ!</t></item>
<item id="border_bomber"><t>ЗА КОЛЕЧИЮ!</t></item>
<item id="border_comeback"><t>ЖДЕМ ВАС ЗАВТРА В 6 ЧАСОВ УТРА</t></item>
<item id="border_announce0"><t>ВЪЕЗД НЕ ГАРАНТИРОВАН</t></item>
<item id="border_announce1"><t>ГОТОВЬТЕ ДОКУМЕНТЫ ЗАРАНЕЕ</t></item>
<item id="border_announce2"><t>ДОБРО ПОЖАЛОВАТЬ В АРСТОТЦКУ</t></item>
<item id="border_guardout"><t>ПРОЙДЕМТЕ!</t></item>
<item id="border_elisa"><t>ЭЛИЗА!</t></item>
<item id="family_son_budget"><t>СЫН</t></item>
<item id="family_wife_budget"><t>ЖЕНА</t></item>
<item id="family_niece_budget"><t>ПЛЕМЯННИЦА</t></item>
<item id="family_uncle_budget"><t>ДЯДЯ</t></item>
<item id="family_mil_budget"><t>ТЫС.</t></item>
<item id="family_son_status"><t>Сын</t></item>
<item id="family_wife_status"><t>Жена</t></item>
<item id="family_niece_status"><t>Племянница</t></item>
<item id="family_uncle_status"><t>Дядя</t></item>
<item id="family_mil_status"><t>Теща</t></item>
<item id="family_son_message"><t>сын</t></item>
<item id="family_wife_message"><t>жена</t></item>
<item id="family_niece_message"><t>племянница</t></item>
<item id="family_uncle_message"><t>дядя</t></item>
<item id="family_mil_message"><t>теща</t></item>
<item id="night_endof"><t>ОКОНЧЕН</t></item>
<item id="night_day"><t>ДЕНЬ $0</t></item>
<item id="family_verysick_1"><t>$0 умрет, если не примет лекарство</t></item>
<item id="family_verysick_many"><t>Если родственник тяжело болен, без лекарства он умрет</t></item>
<item id="family_sick_1"><t>$0 болеет, нужно лекарство</t></item>
<item id="family_sick_many"><t>Семье нужны лекарства</t></item>
<item id="family_died_1"><t>$0 больше не с нами</t></item>
<item id="family_died_2"><t>Ваши $0 и $1 умерли</t></item>
<item id="family_died_3"><t>Ваши $0, $1 и $2 умерли</t></item>
<item id="family_died_4"><t>Ваши $0, $1, $2 и $3 умерли</t></item>
<item id="family_died_5"><t>Ваши $0, $1, $2, $3 и $4 умерли</t></item>
<item id="family_escape_with_0"><t>Вы все бросили.</t></item>
<item id="family_escape_with_1"><t>Вы и $0 бежали в Орбистан.</t></item>
<item id="family_escape_with_2"><t>Вы, $0 и $1 бежали в Орбистан.</t></item>
<item id="family_escape_with_3"><t>Вы, $0, $1 и $2 бежали в Орбистан.</t></item>
<item id="family_escape_with_4"><t>Вы, $0, $1, $2 и $3 бежали в Орбистан.</t></item>
<item id="family_escape_with_5"><t>Вы, $0, $1, $2, $3 и $4 бежали в Орбистан.</t></item>
<item id="family_escape_without_1"><t>$0 готовится к возвращению в Нирск.</t></item>
<item id="family_escape_without_2"><t>$0 и $1 готовятся к возвращению в Нирск.</t></item>
<item id="family_escape_without_3"><t>$0, $1 и $2 готовятся к возвращению в Нирск.</t></item>
<item id="family_escape_without_4"><t>$0, $1, $2 и $3 готовятся к возвращению в Нирск.</t></item>
<item id="family_escape_without_5"><t>$0, $1, $2, $3 и $4 готовятся к возвращению в Нирск.</t></item>
<item id="family_flee_final_0"><t>Орбистан превыше всего</t></item>
<item id="family_flee_final_1"><t>Вы не знаете, в безопасности ли $0.</t></item>
<item id="family_flee_final_2"><t>Вы не знаете, в безопасности ли $0 и $1.</t></item>
<item id="family_flee_final_3"><t>Вы не знаете, в безопасности ли $0, $1 и $2.</t></item>
<item id="family_flee_final_4"><t>Вы не знаете, в безопасности ли $0, $1, $2 и $3.</t></item>
<item id="family_flee_final_5"><t>В безопасности ли ваши $0, $1, $2, $3 и $4, неизвестно.</t></item>
<item id="budget_savings"><t>СБЕРЕЖЕНИЯ</t></item>
<item id="budget_salary"><t>ЗАРПЛАТА ($0)</t></item>
<item id="budget_penalties"><t>ШТРАФЫ ($0)</t></item>
<item id="budget_bribes"><t>ВЗЯТКИ</t></item>
<item id="budget_rent"><t>ЖИЛЬЕ</t></item>
<item id="budget_food"><t>ПРОДУКТЫ</t></item>
<item id="budget_heat"><t>ОТОПЛЕНИЕ</t></item>
<item id="budget_medicine"><t>ЛЕКАРСТВА ($0)</t></item>
<item id="budget_sleep"><t>ПОЙТИ СПАТЬ</t></item>
<item id="budget_escape"><t>ПОБЕГ</t></item>
<item id="menu_back"><t>НАЗАД</t></item>
<item id="confirm_ok"><t>ОК</t></item>
<item id="confirm_cancel"><t>ОТМЕНА</t></item>
<item id="menu_mainmenu"><t>ГЛАВНОЕ МЕНЮ</t></item>
<item id="menu_resume"><t>ПРОДОЛЖИТЬ</t></item>
<item id="menu_quit"><t>ВЫХОД</t></item>
<item id="menu_done"><t>ГОТОВО</t></item>
<item id="menu_story"><t>СЮЖЕТ</t></item>
<item id="menu_endless"><t>БЕСКОНЕЧНАЯ ИГРА</t></item>
<item id="menu_play"><t>ИГРАТЬ</t></item>
<item id="menu_fullscreen"><t>Полный экран</t></item>
<item id="menu_nudity"><t>Обнаженная натура</t></item>
<item id="menu_easy"><t>Низкая сложность</t></item>
<item id="menu_vibration"><t>Вибрация</t></item>
<item id="menu_music"><t>Музыка</t></item>
<item id="menu_sound"><t>Звук</t></item>
<item id="menu_dateformat"><t>Формат даты</t></item>
<item id="menu_language"><t>Язык</t></item>
<item id="menu_device"><t>Устройство</t></item>
<item id="menu_easytip"><t>+ 20 кредитов в день</t></item>
<item id="menu_stats"><t>СТАТИСТИКА</t></item>
<item id="menu_next"><t>ДАЛЬШЕ</t></item>
<item id="menu_walktowork"><t>ПОРА НА РАБОТУ</t></item>
<item id="menu_paused"><t>ПАУЗА</t></item>
<item id="menu_settings"><t>НАСТРОЙКИ</t></item>
<item id="menu_credits"><t>НАД ИГРОЙ РАБОТАЛИ</t></item>
<item id="menu_checkforupdates"><t>ОБНОВЛЕНИЯ</t></item>
<item id="stats_text"><t>Время игры $time
Проверено въезжающих: $processed
Одобрено: $approved
Отказано: $denied
Задержано: $detained
Замечаний: $citations
Печатей проставлено: $stamps
Финал: $endnum из $endtotal</t></item>
<item id="steam_noinit"><t>ОШИБКА СВЯЗИ СО STEAM

Если ошибка повторится, переустановите клиент Steam.</t></item>
<item id="steam_restartfailed"><t>ОШИБКА ПЕРЕЗАПУСКА STEAM

Если ошибка повторится, переустановите клиент Steam.</t></item>
<item id="steam_noconnect"><t>ОШИБКА СВЯЗИ СО STEAM

Попытка перезапустить игру через клиент Steam.</t></item>
<item id="steam_restart"><t>ПЕРЕЗАПУСК</t></item>
<item id="load_title"><t>Начните новую игру или выберите, с какого дня продолжить</t></item>
<item id="load_confirm_delete_single"><t>Удалить сохраненный день $0?

Отменить это действие будет нельзя.</t></item>
<item id="load_confirm_delete_multi"><t>Удалить сохраненные игры с $0 по $1 день?

Отменить это действие будет нельзя.</t></item>
<item id="load_delete"><t>УДАЛИТЬ</t></item>
<item id="load_confirm_full"><t>Лимит сохранений исчерпан.

Продолжите с крайнего правого сохранения или удалите всю ветку, чтобы освободить место.</t></item>
<item id="load_summary"><t>День $day
"$news"

$savings кред., $family чл. семьи,
$tokens ток., жилье $apt</t></item>
<item id="load_continue"><t>ПРОДОЛЖИТЬ</t></item>
<item id="emotion_happy"><t>СЧАСТЛИВ</t></item>
<item id="emotion_ok"><t>ОК</t></item>
<item id="emotion_sad"><t>ГРУСТИТ</t></item>
<item id="emotion_cold"><t>МЕРЗНЕТ</t></item>
<item id="emotion_sick"><t>БОЛЕЕТ</t></item>
<item id="emotion_verysick"><t>ТЯЖЕЛО БОЛЕЕТ</t></item>
<item id="emotion_dead"><t>СМЕРТЬ</t></item>
<item id="emotion_hungry"><t>ХОЧЕТ ЕСТЬ</t></item>
<item id="load_latest"><t>ПОСЛЕДНИЕ</t></item>
<item id="entry_approved"><t>ВЪЕЗД РАЗРЕШЕН</t></item>
<item id="entry_denied"><t>ВО ВЪЕЗДЕ ОТКАЗАНО</t></item>
<item id="stamp_approved"><t>ОДОБРИТЬ</t></item>
<item id="stamp_denied"><t>ОТКАЗАТЬ</t></item>
<item id="stamp_reason"><t>ПРИЧИНА</t></item>
<item id="booth_dragdocs"><t>ПОЛОЖИТЕ ДОКУМЕНТ СЮДА</t></item>
<item id="booth_highlight"><t>ВЫДЕЛИТЕ НЕСООТВЕТСТВИЯ</t></item>
<item id="booth_discrepancy"><t>ОБНАРУЖЕНО
НЕСОВПАДЕНИЕ</t></item>
<item id="booth_interrogate"><t>ВОПРОС</t></item>
<item id="booth_matching"><t>ДАННЫЕ
СОВПАДАЮТ</t></item>
<item id="booth_nocorrelation"><t>НЕТ
СВЯЗИ</t></item>
<item id="booth_cleared"><t>НЕСООТВЕТСТВИЕ
УСТРАНЕНО</t></item>
<item id="env_clearforentry"><t>Въезд разрешен</t></item>
<item id="env_lettermale"><t>М</t></item>
<item id="env_letterfemale"><t>Ж</t></item>
<item id="env_noalias"><t>Второго имени нет</t></item>
<item id="env_typochars"><t>аеиоу,иуы,пгк,лж,гк,бв</t></item>
<item id="carousel_give"><t>ОТДАТЬ</t></item>
<item id="carousel_hang"><t>НА СТЕНУ</t></item>
<item id="carousel_confiscate"><t>ИЗЫМАТЬ</t></item>
<item id="endless_complete"><t>$style
$course

$time
Очки: $score</t></item>
<item id="endless_ranked"><t>Рейтинг #$0</t></item>
<item id="endless_unlock"><t>Пройдите игру в режиме "Сюжет", не потеряв работу, чтобы открыть режим "Бесконечная игра"</t></item>
<item id="endless_wrongcode"><t>S O R R Y</t></item>
<item id="date_verbose"><t>$month $day, $year</t></item>
<item id="month_1"><t>Январь</t></item>
<item id="month_2"><t>Февраль</t></item>
<item id="month_3"><t>Март</t></item>
<item id="month_4"><t>Апрель</t></item>
<item id="month_5"><t>Май</t></item>
<item id="month_6"><t>Июнь</t></item>
<item id="month_7"><t>Июль</t></item>
<item id="month_8"><t>Август</t></item>
<item id="month_9"><t>Сентябрь</t></item>
<item id="month_10"><t>Октябрь</t></item>
<item id="month_11"><t>Ноябрь</t></item>
<item id="month_12"><t>Декабрь</t></item>
<item id="day_1"><t>1</t></item>
<item id="day_2"><t>2</t></item>
<item id="day_3"><t>3</t></item>
<item id="day_4"><t>4</t></item>
<item id="day_5"><t>5</t></item>
<item id="day_6"><t>6</t></item>
<item id="day_7"><t>7</t></item>
<item id="day_8"><t>8</t></item>
<item id="day_9"><t>9</t></item>
<item id="day_10"><t>10</t></item>
<item id="day_11"><t>11</t></item>
<item id="day_12"><t>12</t></item>
<item id="day_13"><t>13</t></item>
<item id="day_14"><t>14</t></item>
<item id="day_15"><t>15</t></item>
<item id="day_16"><t>16</t></item>
<item id="day_17"><t>17</t></item>
<item id="day_18"><t>18</t></item>
<item id="day_19"><t>19</t></item>
<item id="day_20"><t>20</t></item>
<item id="day_21"><t>21</t></item>
<item id="day_22"><t>22</t></item>
<item id="day_23"><t>23</t></item>
<item id="day_24"><t>24</t></item>
<item id="day_25"><t>25</t></item>
<item id="day_26"><t>26</t></item>
<item id="day_27"><t>27</t></item>
<item id="day_28"><t>28</t></item>
<item id="day_29"><t>29</t></item>
<item id="day_30"><t>30</t></item>
<item id="day_31"><t>31</t></item>
<item id="bulletin_default"><t>Арстотцка
Министерство въезда
Официальный бюллетень

Инспектор!

$content

Слава Арстотцке!</t></item>
<item id="bulletin_notice"><t>Арстотцка
Министерство въезда
Официальный бюллетень

ВНИМАНИЕ:

$content

Слава Арстотцке!</t></item>
<item id="bulletin_endless"><t>Арстотцка
Министерство въезда
Официальный бюллетень

$style

$course

Слава Арстотцке!</t></item>
</data>