<data><item id="language_code"><t>zh</t></item>
<item id="language_name"><t>中文</t></item>
<item id="language_author"><t>Ruixiong Chen</t></item>
<item id="wrap_hyphen"><t>NONE</t></item>
<item id="created_by"><t>由Lucas Pope创作</t></item>
<item id="papers_please"><t>请出示证件。</t></item>
<item id="protocol_violated"><t>程序违规。</t></item>
<item id="unauth_confiscation"><t>护照收缴未经授权</t></item>
<item id="missing_reason"><t>未给与拒签理由</t></item>
<item id="citation_warning"><t>予以警告--尚不处分</t></item>
<item id="citation_lastwarning"><t>最后警告--尚不处分</t></item>
<item id="citation_penalty"><t>处以罚款--$0元</t></item>
<item id="border_next"><t>下一位！</t></item>
<item id="border_bomber"><t>为了科洛齐亚！</t></item>
<item id="border_comeback"><t>明天早上6点再来</t></item>
<item id="border_announce0"><t>不保证可获入境</t></item>
<item id="border_announce1"><t>准备好你的证件</t></item>
<item id="border_announce2"><t>阿什托茨卡欢迎你</t></item>
<item id="border_guardout"><t>出来！</t></item>
<item id="border_elisa"><t>ELISA！</t></item>
<item id="family_son_budget"><t>儿子</t></item>
<item id="family_wife_budget"><t>妻子</t></item>
<item id="family_niece_budget"><t>侄女</t></item>
<item id="family_uncle_budget"><t>叔父</t></item>
<item id="family_mil_budget"><t>岳母</t></item>
<item id="family_son_status"><t>儿子</t></item>
<item id="family_wife_status"><t>妻子</t></item>
<item id="family_niece_status"><t>侄女</t></item>
<item id="family_uncle_status"><t>叔父</t></item>
<item id="family_mil_status"><t>岳母</t></item>
<item id="family_son_message"><t>儿子</t></item>
<item id="family_wife_message"><t>妻子</t></item>
<item id="family_niece_message"><t>侄女</t></item>
<item id="family_uncle_message"><t>叔父</t></item>
<item id="family_mil_message"><t>岳母</t></item>
<item id="night_endof"><t>本日结束</t></item>
<item id="night_day"><t>第$0天</t></item>
<item id="family_verysick_1"><t>没有药物的话，你的$0将会死去。</t></item>
<item id="family_verysick_many"><t>没有药物的话，病危的家庭成员将会死去。</t></item>
<item id="family_sick_1"><t>你的$0病了，需要药物。</t></item>
<item id="family_sick_many"><t>你的家人需要药物。</t></item>
<item id="family_died_1"><t>你的$0死了。</t></item>
<item id="family_died_2"><t>你的$0和$1死了。</t></item>
<item id="family_died_3"><t>你的$0、$1、和$2死了。</t></item>
<item id="family_died_4"><t>你的$0、$1、$2、和$3死了。</t></item>
<item id="family_died_5"><t>你的$0、$1、$2、$3、和$4死了。</t></item>
<item id="family_escape_with_0"><t>你抛下一切走了。</t></item>
<item id="family_escape_with_1"><t>你带上你的$0，出发去奥伯里斯坦。</t></item>
<item id="family_escape_with_2"><t>你带上你的$0和$1，出发去奥伯里斯坦。</t></item>
<item id="family_escape_with_3"><t>你带上你的$0、$1、和$2，出发去奥伯里斯坦。</t></item>
<item id="family_escape_with_4"><t>你带上你的$0、$1、$2、和$3，出发去奥伯里斯坦。</t></item>
<item id="family_escape_with_5"><t>你带上你的$0、$1、$2、$3、和$4，出发去奥伯里斯坦。</t></item>
<item id="family_escape_without_1"><t>你的$0准备回涅斯克。</t></item>
<item id="family_escape_without_2"><t>你的$0和$1准备回涅斯克。</t></item>
<item id="family_escape_without_3"><t>你的$0、$1、和$2准备回涅斯克。</t></item>
<item id="family_escape_without_4"><t>你的$0、$1、$2、和$3准备回涅斯克。</t></item>
<item id="family_escape_without_5"><t>你的$0、$1、$2、$3、和$4准备回涅斯克。</t></item>
<item id="family_flee_final_0"><t>奥伯里斯坦高于一切</t></item>
<item id="family_flee_final_1"><t>你的$0是否安好尚且不明。</t></item>
<item id="family_flee_final_2"><t>你的$0和$1是否安好尚且不明。</t></item>
<item id="family_flee_final_3"><t>你的$0、$1、和$2是否安好尚且不明。</t></item>
<item id="family_flee_final_4"><t>你的$0、$1、$2、和$3是否安好尚且不明。</t></item>
<item id="family_flee_final_5"><t>你的$0、$1、$2、$3、和$4是否安好尚且不明。</t></item>
<item id="budget_savings"><t>存款</t></item>
<item id="budget_salary"><t>工资（$0）</t></item>
<item id="budget_penalties"><t>罚款（$0）</t></item>
<item id="budget_bribes"><t>贿赂</t></item>
<item id="budget_rent"><t>房租</t></item>
<item id="budget_food"><t>食品</t></item>
<item id="budget_heat"><t>暖气</t></item>
<item id="budget_medicine"><t>药品（$0）</t></item>
<item id="budget_sleep"><t>睡觉</t></item>
<item id="budget_escape"><t>逃离</t></item>
<item id="menu_back"><t>返回</t></item>
<item id="confirm_ok"><t>确定</t></item>
<item id="confirm_cancel"><t>取消</t></item>
<item id="menu_mainmenu"><t>主菜单</t></item>
<item id="menu_resume"><t>返回游戏</t></item>
<item id="menu_quit"><t>退出</t></item>
<item id="menu_done"><t>完成</t></item>
<item id="menu_story"><t>故事</t></item>
<item id="menu_endless"><t>无尽模式</t></item>
<item id="menu_play"><t>开始游戏</t></item>
<item id="menu_fullscreen"><t>全屏</t></item>
<item id="menu_nudity"><t>裸露</t></item>
<item id="menu_easy"><t>简易模式</t></item>
<item id="menu_vibration"><t>Vibration</t></item>
<item id="menu_music"><t>音乐</t></item>
<item id="menu_sound"><t>声音</t></item>
<item id="menu_dateformat"><t>日期格式</t></item>
<item id="menu_language"><t>语言</t></item>
<item id="menu_device"><t>设备</t></item>
<item id="menu_easytip"><t>每天+20元</t></item>
<item id="menu_stats"><t>统计</t></item>
<item id="menu_next"><t>继续</t></item>
<item id="menu_walktowork"><t>走路去上班</t></item>
<item id="menu_paused"><t>暂停</t></item>
<item id="menu_settings"><t>设置</t></item>
<item id="menu_credits"><t>制作者</t></item>
<item id="menu_checkforupdates"><t>检查更新</t></item>
<item id="stats_text"><t>玩了$time游戏
办理旅行者$processed人
准许入境$approved人
拒绝入境$denied人
拘留$detained人
收到记过$citations次
戳盖印章$stamps次
完成了$endtotal个结局中的第$endnum个</t></item>
<item id="steam_noinit"><t>STEAM连接失败

如果该问题持续出现，重新安装Steam客户端。</t></item>
<item id="steam_restartfailed"><t>STEAM重新启动失败

如果该问题持续出现，重新安装Steam客户端。</t></item>
<item id="steam_noconnect"><t>STEAM连接失败

游戏将尝试通过Steam客户端重新启动。</t></item>
<item id="steam_restart"><t>重新启动</t></item>
<item id="load_title"><t>选择一天来继续或者从头开始游戏</t></item>
<item id="load_confirm_delete_single"><t>删除这份第$0天的存档？

本操作无法撤消。</t></item>
<item id="load_confirm_delete_multi"><t>删除这份第$0天到第$1天的存档分支?

本操作无法撤消。</t></item>
<item id="load_delete"><t>删除</t></item>
<item id="load_confirm_full"><t>存档分支线已满。

选择最右侧的存档继续游戏，或者删除一条存档分支以释放分支线。</t></item>
<item id="load_summary"><t>第$day天
“$news”

$savings元存款，$family位家庭成员，
$tokens枚硬币，$apt等公寓</t></item>
<item id="load_continue"><t>继续</t></item>
<item id="emotion_happy"><t>愉快</t></item>
<item id="emotion_ok"><t>平常</t></item>
<item id="emotion_sad"><t>悲伤</t></item>
<item id="emotion_cold"><t>寒冷</t></item>
<item id="emotion_sick"><t>生病</t></item>
<item id="emotion_verysick"><t>病危</t></item>
<item id="emotion_dead"><t>死亡</t></item>
<item id="emotion_hungry"><t>饥饿</t></item>
<item id="load_latest"><t>最新</t></item>
<item id="entry_approved"><t>准许入境</t></item>
<item id="entry_denied"><t>拒绝入境</t></item>
<item id="stamp_approved"><t>准许</t></item>
<item id="stamp_denied"><t>拒绝</t></item>
<item id="stamp_reason"><t>理由</t></item>
<item id="booth_dragdocs"><t>拖曳证件到这里</t></item>
<item id="booth_highlight"><t>点选不符事项</t></item>
<item id="booth_discrepancy"><t>检测到
不符事项</t></item>
<item id="booth_interrogate"><t>讯问</t></item>
<item id="booth_matching"><t>数据
匹配</t></item>
<item id="booth_nocorrelation"><t>无
关联</t></item>
<item id="booth_cleared"><t>不符事项
已消除</t></item>
<item id="env_clearforentry"><t>申办者允许入境</t></item>
<item id="env_lettermale"><t>男</t></item>
<item id="env_letterfemale"><t>女</t></item>
<item id="env_noalias"><t>无已知曾用名</t></item>
<item id="env_typochars"><t>罗洛格鲁诺,史什斯茨切,利列雷,纳那拉,蒂迪,沃法</t></item>
<item id="carousel_give"><t>交 给</t></item>
<item id="carousel_hang"><t>挂到墙上</t></item>
<item id="carousel_confiscate"><t>收缴</t></item>
<item id="endless_complete"><t>$style
$course

$time
$score分</t></item>
<item id="endless_ranked"><t>排名#$0</t></item>
<item id="endless_unlock"><t>完成故事模式并保住你的工作，以解锁无尽模式。</t></item>
<item id="endless_wrongcode"><t>S O R R Y</t></item>
<item id="date_verbose"><t>$year年$month$day</t></item>
<item id="month_1"><t>1月</t></item>
<item id="month_2"><t>2月</t></item>
<item id="month_3"><t>3月</t></item>
<item id="month_4"><t>4月</t></item>
<item id="month_5"><t>5月</t></item>
<item id="month_6"><t>6月</t></item>
<item id="month_7"><t>7月</t></item>
<item id="month_8"><t>8月</t></item>
<item id="month_9"><t>9月</t></item>
<item id="month_10"><t>10月</t></item>
<item id="month_11"><t>11月</t></item>
<item id="month_12"><t>12月</t></item>
<item id="day_1"><t>1日</t></item>
<item id="day_2"><t>2日</t></item>
<item id="day_3"><t>3日</t></item>
<item id="day_4"><t>4日</t></item>
<item id="day_5"><t>5日</t></item>
<item id="day_6"><t>6日</t></item>
<item id="day_7"><t>7日</t></item>
<item id="day_8"><t>8日</t></item>
<item id="day_9"><t>9日</t></item>
<item id="day_10"><t>10日</t></item>
<item id="day_11"><t>11日</t></item>
<item id="day_12"><t>12日</t></item>
<item id="day_13"><t>13日</t></item>
<item id="day_14"><t>14日</t></item>
<item id="day_15"><t>15日</t></item>
<item id="day_16"><t>16日</t></item>
<item id="day_17"><t>17日</t></item>
<item id="day_18"><t>18日</t></item>
<item id="day_19"><t>19日</t></item>
<item id="day_20"><t>20日</t></item>
<item id="day_21"><t>21日</t></item>
<item id="day_22"><t>22日</t></item>
<item id="day_23"><t>23日</t></item>
<item id="day_24"><t>24日</t></item>
<item id="day_25"><t>25日</t></item>
<item id="day_26"><t>26日</t></item>
<item id="day_27"><t>27日</t></item>
<item id="day_28"><t>28日</t></item>
<item id="day_29"><t>29日</t></item>
<item id="day_30"><t>30日</t></item>
<item id="day_31"><t>31日</t></item>
<item id="bulletin_default"><t>阿什托茨卡
归化部
官方通告

审查员，

$content

光荣属于阿什托茨卡。</t></item>
<item id="bulletin_notice"><t>阿什托茨卡
归化部
官方通告

通知：

$content

光荣属于阿什托茨卡。</t></item>
<item id="bulletin_endless"><t>阿什托茨卡
归化部
官方通告

$style

$course

光荣属于阿什托茨卡。</t></item>
</data>