<data><item id="language_code"><t>fr</t></item>
<item id="language_name"><t>FRANÇAIS</t></item>
<item id="language_author"><t>Words of Magic</t></item>
<item id="wrap_hyphen"><t>-</t></item>
<item id="created_by"><t>créé par Lucas Pope</t></item>
<item id="papers_please"><t>Papiers, s'il vous plaît.</t></item>
<item id="protocol_violated"><t>Violation du protocole.</t></item>
<item id="unauth_confiscation"><t>Confiscation de passeport non autorisée</t></item>
<item id="missing_reason"><t>Raison du refus non fournie</t></item>
<item id="citation_warning"><t>AVERTISSEMENT - PAS DE PÉNALITÉ</t></item>
<item id="citation_lastwarning"><t>DERNIER AVERT. - PAS DE PÉNALITÉ</t></item>
<item id="citation_penalty"><t>PÉNALITÉ INFLIGÉE - $0 CRÉDITS</t></item>
<item id="border_next"><t>SUIVANT !</t></item>
<item id="border_bomber"><t>POUR LA KOLÉCHIE !</t></item>
<item id="border_comeback"><t>REPASSEZ DEMAIN À 6H</t></item>
<item id="border_announce0"><t>L'ENTRÉE N'EST PAS GARANTIE</t></item>
<item id="border_announce1"><t>VEUILLEZ PRÉPARER VOS DOCUMENTS</t></item>
<item id="border_announce2"><t>BIENVENUE EN ARSTOTZKA</t></item>
<item id="border_guardout"><t>DEHORS !</t></item>
<item id="border_elisa"><t>ELISA !</t></item>
<item id="family_son_budget"><t>FILS</t></item>
<item id="family_wife_budget"><t>FEMME</t></item>
<item id="family_niece_budget"><t>NIÈCE</t></item>
<item id="family_uncle_budget"><t>ONCLE</t></item>
<item id="family_mil_budget"><t>BELLE-MÈRE</t></item>
<item id="family_son_status"><t>Fils</t></item>
<item id="family_wife_status"><t>Femme</t></item>
<item id="family_niece_status"><t>Nièce</t></item>
<item id="family_uncle_status"><t>Oncle</t></item>
<item id="family_mil_status"><t>Belle-mère</t></item>
<item id="family_son_message"><t>fils</t></item>
<item id="family_wife_message"><t>femme</t></item>
<item id="family_niece_message"><t>nièce</t></item>
<item id="family_uncle_message"><t>oncle</t></item>
<item id="family_mil_message"><t>belle-mère</t></item>
<item id="night_endof"><t>FIN DU</t></item>
<item id="night_day"><t>JOUR $0</t></item>
<item id="family_verysick_1"><t>Votre $0 mourra sans médicaments.</t></item>
<item id="family_verysick_many"><t>Les membres de la famille très malades mourront sans médicaments.</t></item>
<item id="family_sick_1"><t>Votre $0 est malade et a besoin de médicaments.</t></item>
<item id="family_sick_many"><t>Votre famille a besoin de médicaments.</t></item>
<item id="family_died_1"><t>Votre $0 est [m]mort[/m][f]morte[/f].</t></item>
<item id="family_died_2"><t>Votre $0 et votre $1 sont [m]morts[/m][f]mortes[/f][x]morts[/x].</t></item>
<item id="family_died_3"><t>Votre $0, votre $1 et votre $2 sont [m]morts[/m][f]mortes[/f][x]morts[/x].</t></item>
<item id="family_died_4"><t>Votre $0, votre $1, votre $2 et votre $3 sont morts.</t></item>
<item id="family_died_5"><t>Votre $0, votre $1, votre $2, votre $3 et votre $4 sont morts.</t></item>
<item id="family_escape_with_0"><t>Vous abandonnez tout derrière vous.</t></item>
<item id="family_escape_with_1"><t>Vous préparez votre $0 à partir pour l'Obristan.</t></item>
<item id="family_escape_with_2"><t>Vous préparez votre $0 et votre $1 à partir pour l'Obristan.</t></item>
<item id="family_escape_with_3"><t>Vous préparez votre $0, votre $1 et votre $2 à partir pour l'Obristan.</t></item>
<item id="family_escape_with_4"><t>Vous préparez votre $0, votre $1, votre $2 et votre $3 à partir pour l'Obristan.</t></item>
<item id="family_escape_with_5"><t>Vous préparez votre $0, votre $1, votre $2, votre $3 et votre $4 à partir pour l'Obristan.</t></item>
<item id="family_escape_without_1"><t>Votre $0 se prépare à retourner à Nirsk.</t></item>
<item id="family_escape_without_2"><t>Votre $0 et votre $1 se préparent à retourner à Nirsk.</t></item>
<item id="family_escape_without_3"><t>Votre $0, votre $1 et votre $2 se préparent à retourner à Nirsk.</t></item>
<item id="family_escape_without_4"><t>Votre $0, votre $1, votre $2 et votre $3 se préparent à retourner à Nirsk.</t></item>
<item id="family_escape_without_5"><t>Votre $0, votre $1, votre $2, votre $3 et votre $4 se préparent à retourner à Nirsk.</t></item>
<item id="family_flee_final_0"><t>L'Obristan avant tout</t></item>
<item id="family_flee_final_1"><t>Vous ne savez pas ce qu'il est advenu de votre $0.</t></item>
<item id="family_flee_final_2"><t>Vous ne savez pas ce qu'il est advenu de votre $0 et de votre $1.</t></item>
<item id="family_flee_final_3"><t>Vous ne savez pas ce qu'il est advenu de votre $0, de votre $1 et de votre $2.</t></item>
<item id="family_flee_final_4"><t>Vous ne savez pas ce qu'il est advenu de votre $0, de votre $1, de votre $2 et de votre $3.</t></item>
<item id="family_flee_final_5"><t>Vous ne savez pas ce qu'il est advenu de votre $0, de votre $1, de votre $2, de votre $3 et de votre $4.</t></item>
<item id="budget_savings"><t>ÉCONOMIES</t></item>
<item id="budget_salary"><t>SALAIRE ($0)</t></item>
<item id="budget_penalties"><t>PÉNALITÉS ($0)</t></item>
<item id="budget_bribes"><t>POTS-DE-VIN</t></item>
<item id="budget_rent"><t>LOYER</t></item>
<item id="budget_food"><t>NOURRITURE</t></item>
<item id="budget_heat"><t>CHAUFFAGE</t></item>
<item id="budget_medicine"><t>MÉDICAMENTS ($0)</t></item>
<item id="budget_sleep"><t>DORMIR</t></item>
<item id="budget_escape"><t>FUITE</t></item>
<item id="menu_back"><t>RETOUR</t></item>
<item id="confirm_ok"><t>OK</t></item>
<item id="confirm_cancel"><t>ANNULER</t></item>
<item id="menu_mainmenu"><t>MENU PRINCIPAL</t></item>
<item id="menu_resume"><t>REPRENDRE</t></item>
<item id="menu_quit"><t>QUITTER</t></item>
<item id="menu_done"><t>OK</t></item>
<item id="menu_story"><t>HISTOIRE</t></item>
<item id="menu_endless"><t>INFINI</t></item>
<item id="menu_play"><t>JOUER</t></item>
<item id="menu_fullscreen"><t>Plein écran</t></item>
<item id="menu_nudity"><t>Nudité</t></item>
<item id="menu_easy"><t>Mode facile</t></item>
<item id="menu_vibration"><t>Vibration</t></item>
<item id="menu_music"><t>Musique</t></item>
<item id="menu_sound"><t>Bruitages</t></item>
<item id="menu_dateformat"><t>Format de date</t></item>
<item id="menu_language"><t>Langue</t></item>
<item id="menu_device"><t>Appareil</t></item>
<item id="menu_easytip"><t>+ 20 crédits par jour</t></item>
<item id="menu_stats"><t>STATS</t></item>
<item id="menu_next"><t>SUIVANT</t></item>
<item id="menu_walktowork"><t>ALLER AU TRAVAIL</t></item>
<item id="menu_paused"><t>EN PAUSE</t></item>
<item id="menu_settings"><t>CONFIGURATION</t></item>
<item id="menu_credits"><t>GÉNÉRIQUE</t></item>
<item id="menu_checkforupdates"><t>CHERCHER DES MISES À JOUR</t></item>
<item id="stats_text"><t>$time de jeu
$processed voyageurs contrôlés
$approved approuvés
$denied refusés
$detained placés en détention
$citations réprimandes reçues
$stamps tampons apposés
Fin $endnum sur $endtotal</t></item>
<item id="steam_noinit"><t>ÉCHEC DE LA CONNEXION STEAM

Si ce problème persiste, réinstallez le client Steam.</t></item>
<item id="steam_restartfailed"><t>ÉCHEC DU REDÉMARRAGE VIA STEAM

Si ce problème persiste, réinstallez le client Steam.</t></item>
<item id="steam_noconnect"><t>ÉCHEC DE LA CONNEXION STEAM

Le jeu va tenter de redémarrer via le client Steam.</t></item>
<item id="steam_restart"><t>REDÉMARRER</t></item>
<item id="load_title"><t>Sélectionnez un jour pour continuer ou commencer une nouvelle partie.</t></item>
<item id="load_confirm_delete_single"><t>Confirmer la suppression de cette sauvegarde du jour $0 ?

La suppression est irréversible.</t></item>
<item id="load_confirm_delete_multi"><t>Supprimer cette série de sauvegardes du jour $0 à $1 ?

La suppression est irréversible.</t></item>
<item id="load_delete"><t>SUPPRIMER</t></item>
<item id="load_confirm_full"><t>Pistes de sauvegardes pleines.

Continuez depuis une sauvegarde la plus à droite, ou effacez une branche de sauvegardes pour libérer une piste.</t></item>
<item id="load_summary"><t>Jour $day
"$news"

$savings crédits, $family membres de la famille,
$tokens jetons, appartement $apt</t></item>
<item id="load_continue"><t>CONTINUER</t></item>
<item id="emotion_happy"><t>HEUREUX</t></item>
<item id="emotion_ok"><t>OK</t></item>
<item id="emotion_sad"><t>TRISTE</t></item>
<item id="emotion_cold"><t>FROID</t></item>
<item id="emotion_sick"><t>MALADE</t></item>
<item id="emotion_verysick"><t>TRÈS MALADE</t></item>
<item id="emotion_dead"><t>MORT</t></item>
<item id="emotion_hungry"><t>FAIM</t></item>
<item id="load_latest"><t>DERNIER</t></item>
<item id="entry_approved"><t>ENTRÉE ACCORDÉE</t></item>
<item id="entry_denied"><t>ENTRÉE REFUSÉE</t></item>
<item id="stamp_approved"><t>APPROUVÉ</t></item>
<item id="stamp_denied"><t>REFUSÉ</t></item>
<item id="stamp_reason"><t>RAISON</t></item>
<item id="booth_dragdocs"><t>GLISSER LES DOCUMENTS ICI</t></item>
<item id="booth_highlight"><t>SÉLECTIONNER LES ANOMALIES</t></item>
<item id="booth_discrepancy"><t>ANOMALIE
REPÉRÉE</t></item>
<item id="booth_interrogate"><t>INTERROGER</t></item>
<item id="booth_matching"><t>DONNÉES
CONFORMES</t></item>
<item id="booth_nocorrelation"><t>AUCUNE
CORRÉLATION</t></item>
<item id="booth_cleared"><t>ANOMALIE
CLARIFIÉE</t></item>
<item id="env_clearforentry"><t>L'entrant était en règle</t></item>
<item id="env_lettermale"><t>M</t></item>
<item id="env_letterfemale"><t>F</t></item>
<item id="env_noalias"><t>Aucun alias connu</t></item>
<item id="env_typochars"><t>aeiou,iuy,pgq,lj,ck,bh</t></item>
<item id="carousel_give"><t>DONNER</t></item>
<item id="carousel_hang"><t>À ACCROCHER AU MUR</t></item>
<item id="carousel_confiscate"><t>CONFISQUER</t></item>
<item id="endless_complete"><t>$style
$course

$time
$score points</t></item>
<item id="endless_ranked"><t>Classement : $0</t></item>
<item id="endless_unlock"><t>Finir le mode Histoire en gardant votre emploi pour obtenir le code</t></item>
<item id="endless_wrongcode"><t>E R R O R</t></item>
<item id="date_verbose"><t>$day $month $year</t></item>
<item id="month_1"><t>janvier</t></item>
<item id="month_2"><t>février</t></item>
<item id="month_3"><t>mars</t></item>
<item id="month_4"><t>avril</t></item>
<item id="month_5"><t>mai</t></item>
<item id="month_6"><t>juin</t></item>
<item id="month_7"><t>juillet</t></item>
<item id="month_8"><t>août</t></item>
<item id="month_9"><t>septembre</t></item>
<item id="month_10"><t>octobre</t></item>
<item id="month_11"><t>novembre</t></item>
<item id="month_12"><t>décembre</t></item>
<item id="day_1"><t>1er</t></item>
<item id="day_2"><t>2</t></item>
<item id="day_3"><t>3</t></item>
<item id="day_4"><t>4</t></item>
<item id="day_5"><t>5</t></item>
<item id="day_6"><t>6</t></item>
<item id="day_7"><t>7</t></item>
<item id="day_8"><t>8</t></item>
<item id="day_9"><t>9</t></item>
<item id="day_10"><t>10</t></item>
<item id="day_11"><t>11</t></item>
<item id="day_12"><t>12</t></item>
<item id="day_13"><t>13</t></item>
<item id="day_14"><t>14</t></item>
<item id="day_15"><t>15</t></item>
<item id="day_16"><t>16</t></item>
<item id="day_17"><t>17</t></item>
<item id="day_18"><t>18</t></item>
<item id="day_19"><t>19</t></item>
<item id="day_20"><t>20</t></item>
<item id="day_21"><t>21</t></item>
<item id="day_22"><t>22</t></item>
<item id="day_23"><t>23</t></item>
<item id="day_24"><t>24</t></item>
<item id="day_25"><t>25</t></item>
<item id="day_26"><t>26</t></item>
<item id="day_27"><t>27</t></item>
<item id="day_28"><t>28</t></item>
<item id="day_29"><t>29</t></item>
<item id="day_30"><t>30</t></item>
<item id="day_31"><t>31</t></item>
<item id="bulletin_default"><t>Arstotzka
Ministère des Admissions
Bulletin officiel

Inspecteur,

$content

Gloire à l'Arstotzka.</t></item>
<item id="bulletin_notice"><t>Arstotzka
Ministère des Admissions
Bulletin officiel

NOTE :

$content

Gloire à l'Arstotzka.</t></item>
<item id="bulletin_endless"><t>Arstotzka
Ministère des Admissions
Bulletin officiel

$style

$course

Gloire à l'Arstotzka.</t></item>
</data>